TF_NAME	MATRIX_ID	Z_SCORE	P_VALUE	SAMPLE_AVERAGE	BACKGROUND_AVERAGE	SAMPLE_DEVSTD	SAMPLE_SIZE
IRF3	MA1418.1	13.4075	1.14741e-41	0.770116	0.705022	0.0918771	93
IRF9	MA0653.1	12.9706	3.8186e-39	0.757096	0.68948	0.101202	93
IRF8	MA0652.1	12.2338	5.093699999999999e-35	0.777777	0.716154	0.093782	93
STAT1::STAT2	MA0517.1	12.023	8.33283e-34	0.851387	0.78214	0.0902885	93
IRF4	MA1419.1	11.5349	2.4543599999999998e-31	0.756904	0.700638	0.0879784	93
IRF2	MA0051.1	9.947	9.621550000000002e-24	0.802106	0.753151	0.0738125	93
IRF7	MA0772.1	9.63037	2.30346e-22	0.816736	0.760339	0.0837188	93
IRF1	MA0050.2	9.39813	2.2179699999999997e-21	0.804587	0.746391	0.084973	93
IRF5	MA1420.1	9.35245	3.0557099999999998e-21	0.787105	0.74655	0.0732215	93
IRF6	MA1509.1	6.68154	1.0341e-11	0.826022	0.792275	0.0748503	93
Stat2	MA1623.1	6.40756	6.84643e-11	0.83524	0.789435	0.0836101	93
RELA	MA0107.1	4.64335	1.6469e-6	0.851971	0.826197	0.063952	93
REL	MA0101.1	3.62697	1.3999e-4	0.886567	0.869717	0.0524578	93
ZBTB12	MA1649.1	3.51975	2.11989e-4	0.859923	0.840757	0.0557404	93
Stat4	MA0518.1	3.27164	5.25004e-4	0.849521	0.832738	0.0555815	93
ZNF317	MA1593.1	2.94297	0.00160593	0.811968	0.796164	0.0522321	93
PRDM4	MA1647.1	2.88023	0.00196159	0.858702	0.842234	0.0585787	93
Zic2	MA1629.1	2.75513	0.00290064	0.819236	0.804892	0.0519613	93
BHLHE22(var.2)	MA1635.1	2.75174	0.00293422	0.878114	0.85853	0.0673888	93
TEAD4	MA0809.2	2.73201	0.00310848	0.826769	0.811377	0.0597068	93
STAT1	MA0137.3	2.70837	0.00333873	0.841185	0.82571	0.0610991	93
TEAD3	MA0808.1	2.68785	0.00355888	0.88547	0.870246	0.0552784	93
Smad2::Smad3	MA1622.1	2.67771	0.00367015	0.807924	0.790122	0.0636264	93
NFKB2	MA0778.1	2.66477	0.00380138	0.771207	0.755761	0.0647595	93
Zic1::Zic2	MA1628.1	2.65117	0.00397537	0.884495	0.869542	0.0516603	93
IKZF1	MA1508.1	2.59915	0.00463119	0.845301	0.831165	0.0509696	93
FOS	MA0476.1	2.58596	0.00480201	0.835824	0.81946	0.0663635	93
Arx	MA0874.1	2.57981	0.00487716	0.748796	0.733105	0.0703383	93
TEAD1	MA0090.3	2.57786	0.00491139	0.807111	0.792671	0.0614163	93
STAT3	MA0144.2	2.57519	0.00495474	0.870932	0.857659	0.0540182	93
FOSL2	MA0478.1	2.54557	0.00539734	0.836894	0.822129	0.0605227	93
MYF5	MA1641.1	2.51353	0.00592669	0.833462	0.818577	0.0553864	93
BCL6	MA0463.2	2.49215	0.00626694	0.7503	0.738985	0.0533261	93
CUX2	MA0755.1	2.48106	0.00649541	0.776567	0.75931	0.0656113	93
Ptf1a(var.2)	MA1619.1	2.45916	0.00690425	0.842403	0.827653	0.0576893	93
BATF::JUN	MA0462.2	2.42519	0.00758439	0.806046	0.789704	0.066199	93
BATF	MA1634.1	2.41483	0.00780414	0.807677	0.791318	0.0665554	93
GSC	MA0648.1	2.36588	0.00892143	0.847538	0.833033	0.0595132	93
JUN(var.2)	MA0489.1	2.35	0.0093008	0.814065	0.80078800000000006	0.058912	93
LMX1A	MA0702.2	2.34189	0.00951489	0.818341	0.797493	0.0879015	93
BATF3	MA0835.2	2.33746	0.00962801	0.804717	0.78925	0.065569	93
Alx4	MA0853.1	2.31306	0.0102558	0.754897	0.74091	0.0669291	93
TBP	MA0108.2	2.31317	0.010257	0.833719	0.819899	0.0648258	93
SNAI1	MA1558.1	2.29473	0.0107927	0.887784	0.875314	0.0523493	93
CEBPG	MA0838.1	2.27571	0.0113245	0.787467	0.775369	0.0577639	93
NHLH1	MA0048.2	2.26115	0.0117569	0.84182	0.828809	0.0647658	93
PAX4	MA0068.2	2.23455	0.0126388	0.831692	0.81558	0.0670079	93
TGIF2LX	MA1571.1	2.20955	0.0134735	0.759816	0.749191	0.0461663	93
TEAD2	MA1121.1	2.19153	0.0140961	0.813968	0.802032	0.0557298	93
Stat5a::Stat5b	MA0519.1	2.13016	0.0164625	0.858295	0.847036	0.0527003	93
TGIF1	MA0796.1	2.12142	0.0168014	0.709073	0.696999	0.062196799999999997	93
SIX2	MA1119.1	2.11895	0.016918	0.748163	0.737451	0.0526053	93
FOS::JUNB	MA1134.1	2.11505	0.017087	0.802657	0.789905	0.0617003	93
FOSL1	MA0477.2	2.10161	0.0176706	0.795488	0.78171	0.0656171	93
Tcf12	MA0521.1	2.09768	0.0178617	0.875406	0.863658	0.0515343	93
PAX3	MA0780.1	2.08572	0.0183675	0.746201	0.72919	0.0842664	93
PRRX2	MA0075.3	2.07221	0.0189752	0.831411	0.8135	0.0925647	93
UNCX	MA0721.1	2.07034	0.0190583	0.870988	0.855265	0.0823498	93
ASCL1	MA1100.2	2.06748	0.0192357	0.885514	0.874797	0.0473419	93
DRGX	MA1481.1	2.06413	0.0193652	0.874831	0.859175	0.0777835	93
LEF1	MA0768.1	2.06035	0.019572	0.755987	0.744781	0.0498195	93
NFIC::TLX1	MA0119.1	2.0481	0.0200956	0.749414	0.738771	0.0602019	93
BHLHA15(var.2)	MA1472.1	2.03782	0.0206599	0.883935	0.87435	0.0448689	93
ASCL1(var.2)	MA1631.1	2.03232	0.0209603	0.851801	0.840361	0.0480496	93
SP4	MA0685.1	2.02438	0.021352	0.804906	0.791926	0.0578906	93
TGIF2LY	MA1572.1	2.01101	0.0220292	0.76584	0.756281	0.0459732	93
SNAI3	MA1559.1	2.00806	0.0221805	0.846539	0.83586800000000006	0.0523368	93
TLX2	MA1577.1	2.00538	0.0223182	0.860448	0.842124	0.0914394	93
VENTX	MA0724.1	2.00066	0.0225455	0.834786	0.821439	0.072363	93
Arid3a	MA0151.1	1.99711	0.0227834	0.908917	0.890637	0.0843198	93
CEBPA	MA0102.4	1.98298	0.0235117	0.774927	0.762792	0.0663082	93
MYOG	MA0500.2	1.97471	0.0240156	0.840758	0.82776400000000006	0.0623671	93
SP8	MA0747.1	1.97257	0.0241421	0.881155	0.870403	0.0507461	93
LHX6	MA0658.1	1.96868	0.0243306	0.819962	0.80722	0.0675673	93
TCF4	MA0830.2	1.96649	0.024508	0.850035	0.838917	0.0486978	93
FOSL2::JUNB	MA1138.1	1.96243	0.0246994	0.812286	0.799716	0.0649292	93
FOSB::JUNB	MA1135.1	1.95659	0.02504	0.816856	0.80477	0.0625592	93
ISX	MA0654.1	1.95023	0.0253891	0.857566	0.841417	0.0905439	93
Sox11	MA0869.1	1.94956	0.0254673	0.669017	0.656775	0.0610292	93
LMX1B	MA0703.2	1.94733	0.0256052	0.764893	0.746153	0.0920099	93
FOS::JUN	MA0099.3	1.93782	0.0261575	0.822415	0.810925	0.0606042	93
Klf12	MA0742.1	1.93464	0.0263834	0.819855	0.809666	0.0483228	93
TCF7L1	MA1421.1	1.93425	0.0263975	0.777864	0.767411	0.051435	93
ELF5	MA0136.2	1.93419	0.0264302	0.873427	0.864397	0.0396329	93
SHOX	MA0630.1	1.93072	0.0265742	0.87304	0.857587	0.0861688	93
KLF5	MA0599.1	1.93053	0.0266476	0.939848	0.92756	0.0558205	93
VSX2	MA0726.1	1.92934	0.0266724	0.836027	0.820343	0.0843614	93
Shox2	MA0720.1	1.92073	0.027186599999999998	0.866738	0.85139	0.0880432	93
Alx1	MA0854.1	1.91731	0.0274063	0.755435	0.743078	0.0703244	93
SP3	MA0746.2	1.91294	0.0277311	0.86562	0.852593	0.0644708	93
TGIF2	MA0797.1	1.90228	0.0283729	0.740854	0.730896	0.0567377	93
SP1	MA0079.4	1.90033	0.0285673	0.825179	0.812589	0.0579546	93
CEBPB	MA0466.2	1.8924	0.0290217	0.821532	0.811598	0.0568418	93
FOSL2::JUND	MA1144.1	1.88995	0.0292101	0.812684	0.801056	0.0621181	93
EMX2	MA0886.1	1.88108	0.0298078	0.837239	0.82385	0.0714961	93
BSX	MA0876.1	1.87937	0.0299224	0.89878	0.886044	0.0683505	93
Foxj3	MA0851.1	1.86396	0.0310285	0.792896	0.779994	0.0607721	93
VSX1	MA0725.1	1.85413	0.0316724	0.850942	0.836006	0.0829146	93
POU6F1	MA0628.1	1.85228	0.031814	0.786616	0.770941	0.0849604	93
CUX1	MA0754.1	1.83431	0.0331285	0.787543	0.774403	0.0703787	93
Stat5b	MA1625.1	1.8223800000000001	0.0340472	0.800924	0.789661	0.055943	93
NFATC2	MA0152.1	1.81975	0.0342231	0.91346	0.903213	0.0547372	93
FOSL1::JUNB	MA1137.1	1.81847	0.0343072	0.807224	0.796883	0.0574353	93
RAX2	MA0717.1	1.8143	0.034586	0.872458	0.859182	0.0812508	93
DLX5	MA1476.1	1.80472	0.0353529	0.849286	0.833255	0.0928842	93
mix-a	MA0621.1	1.80147	0.0356165	0.779817	0.762142	0.100361	93
CEBPE	MA0837.1	1.79822	0.0358452	0.828918	0.819648	0.056163	93
Stat5a	MA1624.1	1.79674	0.0360101	0.814959	0.804115	0.0583414	93
KLF13	MA0657.1	1.78793	0.0367354	0.747418	0.739248	0.0413652	93
PKNOX2	MA0783.1	1.78364	0.0370191	0.73259	0.723001	0.0575312	93
LHX2	MA0700.2	1.78295	0.037064	0.816168	0.802205	0.085975	93
JUNB	MA0490.2	1.78182	0.0371981	0.779018	0.767068	0.0665178	93
BACH2(var.2)	MA1470.1	1.77914	0.0374055	0.70295	0.694831	0.0465813	93
FOXP2	MA0593.1	1.77039	0.0381372	0.837658	0.825244	0.0696291	93
JUND	MA0491.2	1.76776	0.0383542	0.782341	0.770631	0.0660351	93
FOXE1	MA1487.1	1.76542	0.038589	0.785985	0.774922	0.0558682	93
ARGFX	MA1463.1	1.76445	0.0386296	0.790073	0.775068	0.0850652	93
Klf1	MA0493.1	1.76209	0.038872	0.874993	0.865753	0.0462304	93
NFAT5	MA0606.1	1.75814	0.0391753	0.880664	0.871135	0.0522864	93
CEBPD	MA0836.2	1.74238	0.040461	0.787393	0.776794	0.0688465	93
NR6A1	MA1541.1	1.73585	0.0410912	0.755732	0.748165	0.0434975	93
SPI1	MA0080.5	1.73501	0.0411546	0.760059	0.751331	0.0515136	93
Ascl2	MA0816.1	1.73316	0.0413673	0.84684	0.83739	0.0489035	93
PAX7	MA0680.1	1.7189	0.0425973	0.732906	0.718947	0.0830564	93
MAF	MA1520.1	1.70956	0.0434719	0.757903	0.750653	0.0414278	93
TFAP4	MA0691.1	1.70862	0.0435788	0.805864	0.795801	0.05457	93
FOSL2::JUN	MA1130.1	1.70709	0.0436847	0.815939	0.805799	0.0601974	93
PHOX2A	MA0713.1	1.70318	0.0440199	0.784708	0.77139	0.0842947	93
KLF14	MA0740.1	1.70125	0.0442583	0.828487	0.818128	0.057419	93
NFATC1	MA0624.1	1.69622	0.0447442	0.888736	0.879874	0.0475549	93
GSC2	MA0891.1	1.69547	0.0447874	0.859371	0.85018	0.0530132	93
JDP2	MA0655.1	1.68766	0.0454864	0.781151	0.769973	0.0714433	93
TCF12(var.2)	MA1648.1	1.68746	0.045569	0.881316	0.871576	0.0537733	93
Msx3	MA0709.1	1.68008	0.0462021	0.858733	0.845244	0.0891291	93
ONECUT2	MA0756.1	1.67978	0.0463188	0.740148	0.72799	0.0659209	93
PAX1	MA0779.1	1.67144	0.047098	0.75443	0.74848	0.0354833	93
NFKB1	MA0105.4	1.66487	0.0476786	0.731558	0.722064	0.0653581	93
KLF16	MA0741.1	1.66053	0.0482301	0.882253	0.870747	0.0610432	93
MIXL1	MA0662.1	1.65439	0.0487838	0.869344	0.85787	0.0717327	93
Lhx4	MA0704.1	1.65174	0.0490191	0.863045	0.85153	0.0770236	93
TWIST1	MA1123.2	1.63825	0.0504668	0.8255	0.816578	0.0531917	93
MAFG	MA0659.2	1.62667	0.0516655	0.757847	0.749157	0.0542052	93
TCF7L2	MA0523.1	1.6267	0.0517122	0.821583	0.81315	0.0467658	93
SOX10	MA0442.2	1.62376	0.0519764	0.859816	0.849151	0.0664896	93
SPIC	MA0687.1	1.61253	0.0532361	0.81134	0.803793	0.0418359	93
PRRX1	MA0716.1	1.60879	0.053551	0.863065	0.850064	0.0882031	93
RAX	MA0718.1	1.60765	0.0536812	0.849174	0.837121	0.0809765	93
SCRT1	MA0743.2	1.60099	0.0544326	0.766934	0.759067	0.0512322	93
LBX1	MA0618.1	1.5899	0.0556995	0.856534	0.845877	0.0656186	93
KLF3	MA1516.1	1.5889	0.0558269	0.856224	0.846119	0.060107	93
LHX5	MA1519.1	1.57914	0.0568926	0.842854	0.830107	0.0836746	93
MYBL1	MA0776.1	1.57834	0.0569881	0.750458	0.74297	0.0487291	93
HSF1	MA0486.2	1.57614	0.0572085	0.747408	0.738534	0.0613776	93
NFATC4	MA1525.1	1.57103	0.0579057	0.8706	0.861923	0.0477121	93
ALX3	MA0634.1	1.5643	0.0586097	0.843556	0.8326	0.0726236	93
Foxl2	MA1607.1	1.56267	0.0588725	0.78615	0.774689	0.0648627	93
NFATC3	MA0625.1	1.55615	0.0596158	0.870475	0.861871	0.052112	93
Hmx3	MA0898.1	1.55531	0.0596895	0.742676	0.733844	0.056743300000000003	93
RHOXF1	MA0719.1	1.55133	0.0601919	0.952476	0.946755	0.0346397	93
TCF3	MA0522.3	1.54994	0.0603537	0.880587	0.871721	0.0543543	93
ZNF384	MA1125.1	1.54836	0.0605482	0.819722	0.801516	0.110344	93
SPIB	MA0081.2	1.54419	0.0610199	0.785493	0.777921	0.0492073	93
ELF3	MA0640.2	1.54261	0.0611624	0.828114	0.820002	0.0576366	93
SP9	MA1564.1	1.54285	0.0611873	0.87573	0.865208	0.0676909	93
Ptf1a(var.3)	MA1620.1	1.53935	0.0616128	0.841902	0.833191	0.0560269	93
MAFF	MA0495.3	1.53848	0.0617248	0.75237	0.743798	0.0545081	93
ELF4	MA0641.1	1.5327	0.0624871	0.78839	0.779983	0.0472425	93
FOS::JUND	MA1141.1	1.51577	0.064521	0.800009	0.791116	0.0599117	93
MAFA	MA1521.1	1.51136	0.0650766	0.766879	0.760444	0.043812	93
TP63	MA0525.2	1.51101	0.0651282	0.703122	0.696725	0.0429244	93
ZNF282	MA1154.1	1.50593	0.0658108	0.746318	0.7402	0.0384472	93
MAF::NFE2	MA0501.1	1.50161	0.0663226	0.752611	0.745182	0.051035	93
PHOX2B	MA0681.2	1.49888	0.0667214	0.717497	0.70334	0.0889004	93
BCL6B	MA0731.1	1.49089	0.0676827	0.674515	0.667536	0.0511795	93
MSX2	MA0708.1	1.48929	0.0678763	0.85060500000000006	0.839384	0.0845594	93
HESX1	MA0894.1	1.48464	0.0685091	0.838269	0.826882	0.0834315	93
ZNF528	MA1597.1	1.48275	0.0686581	0.712836	0.70641	0.0543061	93
FOXK1	MA0852.2	1.48303	0.0687919	0.801065	0.792099	0.057867	93
FOSL1::JUN	MA1128.1	1.4753	0.0697926	0.80786500000000006	0.799226	0.0595024	93
Tcf21	MA0832.1	1.46338	0.0714066	0.745508	0.737949	0.0524378	93
EMX1	MA0612.2	1.46315	0.0714341	0.845363	0.834392	0.0765452	93
LHX9	MA0701.2	1.45564	0.0723997	0.841198	0.830304	0.0850465	93
GSX1	MA0892.1	1.45544	0.0724773	0.873843	0.865483	0.0602633	93
SNAI2	MA0745.2	1.4512	0.0730967	0.82282	0.814747	0.0551322	93
DUX4	MA0468.1	1.45056	0.0732078	0.809034	0.799608	0.0617268	93
Foxj2	MA0614.1	1.44587	0.0738808	0.863462	0.852875	0.0667482	93
GBX2	MA0890.1	1.43082	0.075911	0.842155	0.831573	0.0812186	93
Stat6	MA0520.1	1.41819	0.0777873	0.817087	0.809161	0.0562842	93
ONECUT3	MA0757.1	1.41844	0.0778115	0.73432	0.723323	0.068915100000000007	93
Dlx2	MA0885.1	1.41306	0.0785034	0.871595	0.860045	0.0871945	93
FOXP1	MA0481.3	1.39084	0.0818789	0.826727	0.816202	0.0722814	93
GBX1	MA0889.1	1.38584	0.0825336	0.826806	0.817305	0.0778863	93
HSF4	MA0771.1	1.38491	0.0826808	0.788717	0.781862	0.0557581	93
Lhx3	MA0135.1	1.38402	0.0829126	0.787797	0.777149	0.0742636	93
EN1	MA0027.2	1.38286	0.0830086	0.875272	0.86567	0.0766642	93
ZNF684	MA1600.1	1.37865	0.083665	0.732489	0.727197	0.0417968	93
ZBTB18	MA0698.1	1.37892	0.0836743	0.800572	0.793457	0.0516995	93
OTX1	MA0711.1	1.36786	0.0853752	0.866976	0.858537	0.0634165	93
JUN::JUNB	MA1132.1	1.36783	0.0853833	0.825275	0.817917	0.0550661	93
DMRTA2	MA1478.1	1.36178	0.0863709	0.812284	0.804898	0.0518107	93
SCRT2	MA0744.2	1.3568	0.0870723	0.769294	0.762723	0.0534391	93
Foxd3	MA0041.1	1.35707	0.0871347	0.84931	0.840069	0.0626902	93
INSM1	MA0155.1	1.35652	0.0872275	0.862928	0.857047	0.0394523	93
OVOL1	MA1544.1	1.3511	0.0880659	0.754163	0.747231	0.0492221	93
RUNX2	MA0511.2	1.35045	0.0881336	0.837518	0.830783	0.0509165	93
VAX1	MA0722.1	1.34991	0.0882234	0.866583	0.857371	0.0692695	93
NFIC(var.2)	MA1527.1	1.33913	0.0898796	0.750361	0.743314	0.0604669	93
PDX1	MA0132.2	1.33828	0.0901029	0.871726	0.861063	0.0807148	93
DMRTC2	MA1479.1	1.33808	0.090164	0.782352	0.774699	0.0551226	93
MYB	MA0100.3	1.33415	0.0907585	0.872145	0.864485	0.0600194	93
Rbpjl	MA1621.1	1.32419	0.0924352	0.838617	0.831368	0.0539195	93
BACH2	MA1101.2	1.32293	0.0925803	0.716398	0.709513	0.0567878	93
KLF11	MA1512.1	1.3231	0.0926117	0.873578	0.865068	0.0638653	93
FOSL1::JUND	MA1142.1	1.31837	0.0933801	0.840233	0.832877	0.0572315	93
ESX1	MA0644.1	1.31489	0.0939088	0.85313	0.844224	0.0752427	93
PROP1	MA0715.1	1.31342	0.0942401	0.753261	0.741717	0.0854942	93
DLX6	MA0882.1	1.30709	0.0952306	0.878658	0.869207	0.079645	93
Dlx3	MA0880.1	1.29839	0.0967216	0.879173	0.869648	0.0800824	93
FOXA2	MA0047.3	1.29709	0.097034	0.819827	0.810188	0.0700445	93
VAX2	MA0723.1	1.2891	0.0983749	0.86477	0.856277	0.0665686	93
MSX1	MA0666.1	1.28812	0.0984599	0.870061	0.861427	0.0767061	93
DUXA	MA0884.1	1.28265	0.099453	0.793045	0.785032	0.0677823	93
FOXK2	MA1103.2	1.27386	0.101075	0.820899	0.811392	0.0720293	93
OTX2	MA0712.2	1.27314	0.101174	0.831464	0.823168	0.0661168	93
Arid3b	MA0601.1	1.26191	0.103167	0.806048	0.79376	0.100593	93
MEF2D	MA0773.1	1.26195	0.103243	0.767015	0.756895	0.0713597	93
HSF2	MA0770.1	1.25701	0.104053	0.758792	0.751853	0.0568494	93
Dlx4	MA0881.1	1.25347	0.10465	0.880007	0.871196	0.0772057	93
Foxf1	MA1606.1	1.24038	0.107132	0.821478	0.811742	0.0755777	93
BARX2	MA1471.1	1.24023	0.107182	0.823431	0.814035	0.0700926	93
FOXF2	MA0030.1	1.23995	0.107221	0.783746	0.775928	0.0598877	93
E2F6	MA0471.2	1.23392	0.108365	0.85962	0.852237	0.0541561	93
HOXD3	MA0912.2	1.22941	0.109162	0.826763	0.818275	0.0677042	93
BARX1	MA0875.1	1.21729	0.111429	0.887995	0.879305	0.0724758	93
ZBED1	MA0749.1	1.21541	0.111819	0.70626	0.700738	0.0436321	93
HOXA10	MA0899.1	1.21472	0.111964	0.832011	0.823298	0.0670825	93
EHF	MA0598.3	1.2079	0.113204	0.80958	0.803084	0.0561207	93
ELF2	MA1483.1	1.20406	0.114077	0.796578	0.790052	0.0439848	93
E2F3	MA0469.3	1.2022	0.114348	0.698725	0.69333	0.0436914	93
FOXB1	MA0845.1	1.19598	0.115595	0.804735	0.796028	0.0659938	93
KLF15	MA1513.1	1.19194	0.116395	0.872458	0.860109	0.0921716	93
NOTO	MA0710.1	1.18536	0.117607	0.857317	0.8494	0.068639	93
Foxo1	MA0480.1	1.18142	0.118424	0.83803	0.831147	0.0562476	93
REST	MA0138.2	1.18082	0.118456	0.695079	0.690243	0.0451315	93
SP2	MA0516.2	1.17471	0.119767	0.796079	0.78945	0.0539781	93
FOXC2	MA0846.1	1.17249	0.120262	0.826767	0.818261	0.063151	93
PITX2	MA1547.1	1.17195	0.120306	0.858033	0.849285	0.0730202	93
FOXA3	MA1683.1	1.16683	0.12134	0.822067	0.81337	0.0727913	93
Gfi1b	MA0483.1	1.16618	0.121469	0.843052	0.836853	0.0519792	93
BARHL2	MA0635.1	1.16612	0.121503	0.869729	0.863159	0.0530332	93
GCM1	MA0646.1	1.15663	0.123404	0.809775	0.804757	0.0427616	93
FOXD2	MA0847.2	1.15685	0.123445	0.819534	0.812352	0.0519596	93
LBX2	MA0699.1	1.15102	0.124464	0.853871	0.846595	0.070896700000000007	93
MYBL2	MA0777.1	1.13765	0.127265	0.716889	0.71184	0.0478252	93
HOXB3	MA0903.1	1.13417	0.128039	0.878099	0.870484	0.0675649	93
Sox1	MA0870.1	1.1311	0.128699	0.699011	0.692287	0.0584276	93
ELF1	MA0473.3	1.12773	0.129363	0.813286	0.80716	0.0572987	93
FOXA1	MA0148.4	1.12152	0.130726	0.794998	0.786924	0.0707406	93
MEIS1(var.2)	MA1639.1	1.11558	0.132061	0.78769	0.780327	0.0570733	93
KLF10	MA1511.1	1.11017	0.133152	0.867832	0.861439	0.0567301	93
PITX3	MA0714.1	1.10847	0.133484	0.859794	0.853187	0.0619094	93
MNX1	MA0707.1	1.10722	0.133765	0.864976	0.857582	0.0682454	93
PAX9	MA0781.1	1.08938	0.137647	0.726751	0.722568	0.0398926	93
MEF2B	MA0660.1	1.07748	0.140375	0.755447	0.747181	0.0686782	93
Hmx2	MA0897.1	1.07512	0.140869	0.742021	0.735962	0.0535949	93
SOX21	MA0866.1	1.07376	0.141161	0.697974	0.69156	0.0579463	93
ZNF682	MA1599.1	1.07207	0.141592	0.772663	0.766683	0.0493607	93
KLF4	MA0039.4	1.06677	0.142741	0.88722	0.879556	0.0689869	93
MEF2C	MA0497.1	1.0531	0.1459	0.809961	0.802844	0.0591518	93
NFE2L1	MA0089.2	1.05188	0.14613399999999999	0.742905	0.737551	0.0485511	93
CTCFL	MA1102.2	1.04567	0.147599	0.846886	0.839568	0.0623265	93
TP53	MA0106.3	1.04331	0.147972	0.712112	0.707924	0.0463879	93
ELK4	MA0076.2	1.04028	0.148881	0.858843	0.852902	0.0474973	93
PPARD	MA1550.1	1.03924	0.149025	0.757338	0.75284	0.0430939	93
Rhox11	MA0629.1	1.03811	0.149322	0.798105	0.793401	0.0426792	93
KLF9	MA1107.2	1.03623	0.14976	0.801031	0.794726	0.057286	93
MYOD1	MA0499.2	1.03235	0.150643	0.830793	0.825451	0.0506985	93
NFIX(var.2)	MA1528.1	1.02973	0.151208	0.762067	0.756761	0.0544717	93
Hmx1	MA0896.1	1.02726	0.151849	0.763495	0.758219	0.0493976	93
FOXN3	MA1489.1	1.02356	0.152673	0.774194	0.765425	0.0888828	93
SOX15	MA1152.1	1.01776	0.154094	0.873522	0.866958	0.0623113	93
Dlx1	MA0879.1	1.01323	0.155116	0.863378	0.856185	0.0747766	93
Nfe2l2	MA0150.2	1.00859	0.156256	0.751581	0.746756	0.0483009	93
Ebf2	MA1604.1	1.00681	0.156644	0.805262	0.799487	0.0611901	93
FOXP3	MA0850.1	0.986545	0.161655	0.913287	0.908238	0.047407	93
GFI1	MA0038.2	0.985679	0.161857	0.801604	0.796408	0.0496735	93
HNF1A	MA0046.2	0.979152	0.163427	0.739157	0.731904	0.0742331	93
Lhx8	MA0705.1	0.978777	0.163508	0.869813	0.863363	0.0673117	93
MSC	MA0665.1	0.978296	0.163677	0.813117	0.808316	0.0461856	93
HOXB2	MA0902.2	0.971059	0.165446	0.880224	0.873685	0.066302	93
FOXO6	MA0849.1	0.963106	0.167468	0.860345	0.853485	0.0661731	93
Zfx	MA0146.2	0.9355	0.174487	0.861645	0.855406	0.0619063	93
MEF2A	MA0052.4	0.933505	0.175042	0.773884	0.766248	0.0700362	93
BARHL1	MA0877.2	0.928845	0.176182	0.888914	0.884044	0.050775	93
KLF2	MA1515.1	0.918729	0.178829	0.900257	0.894352	0.0609982	93
PITX1	MA0682.2	0.917925	0.178954	0.854875	0.848458	0.0755361	93
ETV6	MA0645.1	0.916359	0.179536	0.856449	0.851358	0.0441119	93
Nobox	MA0125.1	0.909749	0.181106	0.863097	0.856964	0.0725318	93
PAX6	MA0069.1	0.906533	0.182002	0.771686	0.767996	0.04098	93
TFDP1	MA1122.1	0.893359	0.185543	0.855794	0.849665	0.0651957	93
SMAD5	MA1557.1	0.892399	0.185819	0.785903	0.781728	0.0429942	93
BACH1	MA1633.1	0.875681	0.19031	0.771942	0.766999	0.0539608	93
SMAD3	MA0795.1	0.873617	0.190877	0.757356	0.752813	0.0492715	93
ZNF274	MA1592.1	0.873044	0.191017	0.779407	0.775754	0.040777	93
GRHL2	MA1105.2	0.856155	0.195637	0.787424	0.782541	0.0572158	93
FOXO3	MA0157.2	0.854688	0.196046	0.829117	0.823193	0.069194	93
NHLH2	MA1529.1	0.852122	0.196691	0.740589	0.736319	0.0551022	93
FIGLA	MA0820.1	0.840695	0.19997500000000001	0.868296	0.863992	0.0486006	93
Dmbx1	MA0883.1	0.839796	0.200209	0.788998	0.784689	0.0502928	93
NKX6-2	MA0675.1	0.838611	0.200477	0.876073	0.869819	0.08049	93
OSR2	MA1646.1	0.833429	0.202058	0.843045	0.838609	0.0467802	93
HOXA2	MA0900.2	0.83063	0.202791	0.839572	0.833052	0.0767605	93
ZEB1	MA0103.3	0.819453	0.205919	0.878671	0.87369	0.0639114	93
NRL	MA0842.2	0.812767	0.207902	0.783303	0.779201	0.047212	93
KLF6	MA1517.1	0.808914	0.20894	0.885133	0.880258	0.0631805	93
SREBF1(var.2)	MA0829.2	0.807927	0.209317	0.773657	0.769071	0.0507045	93
FOXO4	MA0848.1	0.802961	0.210746	0.874876	0.869398	0.0614191	93
Mafb	MA0117.2	0.79974	0.21163	0.816918	0.812943	0.0489715	93
NFE2	MA0841.1	0.795893	0.212718	0.760774	0.756022	0.0615708	93
FOXG1	MA0613.1	0.79457	0.213158	0.832194	0.825753	0.0762628	93
SRY	MA0084.1	0.793356	0.213516	0.879664	0.874533	0.0603524	93
SOX12	MA1561.1	0.79228	0.213856	0.769133	0.765074	0.0453404	93
POU4F1	MA0790.1	0.791278	0.214152	0.735131	0.728739	0.0709958	93
Dmrt1	MA1603.1	0.785072	0.215871	0.7615	0.75671600000000006	0.0635264	93
NR2C2	MA0504.1	0.784954	0.215925	0.826843	0.823751	0.0398264	93
OVOL2	MA1545.1	0.782633	0.216644	0.790707	0.786856	0.046697	93
PLAGL2	MA1548.1	0.780982	0.217058	0.852047	0.846444	0.0764596	93
HOXB5	MA0904.2	0.775052	0.21887	0.858598	0.853491	0.0634869	93
EBF3	MA1637.1	0.770978	0.220011	0.804187	0.799623	0.0632595	93
Bach1::Mafk	MA0591.1	0.762121	0.222725	0.769958	0.76653	0.0422357	93
CREB1	MA0018.4	0.761017	0.223058	0.792316	0.786928	0.066061	93
HOXD11	MA0908.1	0.757912	0.223953	0.816276	0.811412	0.0636461	93
HOXC8	MA1505.1	0.753726	0.225206	0.876578	0.871986	0.060677300000000003	93
Prdm15	MA1616.1	0.752838	0.225485	0.77822	0.774667	0.0460265	93
POU2F2	MA0507.1	0.752557	0.225608	0.785355	0.779783	0.067313	93
NKX6-1	MA0674.1	0.739758	0.229379	0.86839	0.863258	0.0742646	93
GCM2	MA0767.1	0.737323	0.23018	0.838476	0.835222	0.042864	93
ATOH1(var.2)	MA1467.1	0.736647	0.230414	0.833699	0.83003	0.0458938	93
ELK3	MA0759.1	0.735364	0.230899	0.831718	0.827514	0.0416536	93
FOXC1	MA0032.2	0.732274	0.231764	0.830529	0.825264	0.0638645	93
THRB	MA1574.1	0.716274	0.236628	0.8014	0.798607	0.0381416	93
RARA::RXRG	MA1149.1	0.713352	0.237473	0.793554	0.790771	0.041951	93
ZNF341	MA1655.1	0.711038	0.23824	0.82583	0.822091	0.0521903	93
TCF7	MA0769.2	0.702788	0.240832	0.829832	0.825329	0.0604978	93
ETV1	MA0761.2	0.700618	0.241477	0.817355	0.813569	0.054159	93
RREB1	MA0073.1	0.694874	0.243276	0.798952	0.795519	0.049379	93
POU4F3	MA0791.1	0.682878	0.247129	0.714031	0.708699	0.0669861	93
ETV5	MA0765.2	0.680034	0.24802	0.856952	0.853063	0.0501102	93
HNF1B	MA0153.2	0.667152	0.252045	0.727395	0.722486	0.0745508	93
Nr2e1	MA0676.1	0.66492	0.252773	0.838461	0.834504	0.0587337	93
FOXI1	MA0042.2	0.661842	0.253785	0.853965	0.849178	0.0679709	93
HOXC10	MA0905.1	0.657096	0.255292	0.831551	0.827346	0.0622457	93
PRDM1	MA0508.3	0.648348	0.25813	0.852088	0.848109	0.0579526	93
ZNF135	MA1587.1	0.647872	0.258264	0.788947	0.785202	0.056661	93
NFIL3	MA0025.2	0.647048	0.258558	0.774965	0.770336	0.0664563	93
MYF6	MA0667.1	0.641835	0.260237	0.793854	0.790362	0.0518025	93
SOX4	MA0867.2	0.62050399999999994	0.267202	0.867262	0.863611	0.0574949	93
PLAG1	MA0163.1	0.617784	0.26807	0.803697	0.800424	0.0545161	93
TFCP2	MA0145.3	0.612643	0.269811	0.805853	0.802875	0.0461817	93
EVX2	MA0888.1	0.611595	0.27012	0.8543	0.850599	0.06185	93
HOXD10	MA1506.1	0.609822	0.27072	0.777943	0.774477	0.0567807	93
MSANTD3	MA1523.1	0.609165	0.270992	0.851165	0.848171	0.0438106	93
HOXB4	MA1499.1	0.596776	0.27509	0.859717	0.85515	0.0723271	93
TEF	MA0843.1	0.596674	0.275129	0.774094	0.770451	0.0571049	93
TP73	MA0861.1	0.590571	0.277116	0.745018	0.74256	0.0433908	93
PBX1	MA0070.1	0.583515	0.279516	0.787823	0.784579	0.055019	93
RXRG	MA0856.1	0.582129	0.279994	0.732612	0.729869	0.0456427	93
SIX1	MA1118.1	0.580095	0.280647	0.79169	0.788541	0.0559822	93
ZBTB7A	MA0750.2	0.577232	0.281663	0.833408	0.829929	0.0563697	93
PKNOX1	MA0782.2	0.576317	0.282005	0.773375	0.770201	0.0476208	93
GSX2	MA0893.2	0.573234	0.282958	0.895283	0.892	0.0600219	93
RXRB	MA0855.1	0.573156	0.283026	0.722464	0.719728	0.0461766	93
ATF2	MA1632.1	0.572644	0.283163	0.783475	0.77972	0.0681399	93
FOSB::JUN	MA1127.1	0.571018	0.283758	0.7572	0.753617	0.05984	93
Six3	MA0631.1	0.569593	0.28427	0.732821	0.729997	0.0443074	93
Pou5f1::Sox2	MA0142.1	0.566062	0.285363	0.752381	0.749041	0.0650211	93
Nr1h3::Rxra	MA0494.1	0.566007	0.285471	0.795861	0.793816	0.033603	93
Foxq1	MA0040.1	0.560073	0.287517	0.809332	0.805412	0.0615042	93
Ptf1a	MA1618.1	0.558728	0.287943	0.82073	0.817587	0.0534173	93
EVX1	MA0887.1	0.552417	0.290072	0.856777	0.85347	0.0605397	93
NR1H2::RXRA	MA0115.1	0.547005	0.291948	0.676761	0.674225	0.0452614	93
Nr2f6(var.2)	MA0728.1	0.546567	0.292077	0.715702	0.713006	0.0503074	93
HMBOX1	MA0895.1	0.540813	0.294065	0.834806	0.83189	0.0543443	93
NR1I2	MA1533.1	0.540699	0.294149	0.787334	0.785427	0.032221	93
FOSL1::JUN(var.2)	MA1129.1	0.539334	0.294594	0.768585	0.765238	0.0602339	93
POU3F4	MA0789.1	0.535034	0.296086	0.792683	0.788443	0.0759749	93
GABPA	MA0062.3	0.507034	0.305812	0.808998	0.806282	0.0552678	93
E2F7	MA0758.1	0.489833	0.31197	0.693825	0.69133	0.041649	93
ZIC1	MA0696.1	0.489229	0.312116	0.776708	0.774242	0.049536	93
ESR2	MA0258.2	0.484509	0.313802	0.802198	0.800151	0.0404088	93
GRHL1	MA0647.1	0.479126	0.315718	0.751525	0.748851	0.0530909	93
MEIS2(var.2)	MA1640.1	0.47696	0.316524	0.756683	0.753406	0.0596268	93
ESR1	MA0112.3	0.47529	0.317083	0.717297	0.715143	0.0432587	93
ZKSCAN5	MA1652.1	0.472721	0.318025	0.823894	0.821351	0.0481694	93
FOSL2::JUNB(var.2)	MA1139.1	0.463822	0.321173	0.751581	0.74857	0.0638285	93
ONECUT1	MA0679.2	0.463747	0.321238	0.721056	0.717223	0.0736057	93
Znf423	MA0116.1	0.462244	0.321707	0.828305	0.826226	0.0474242	93
POU6F2	MA0793.1	0.460619	0.322325	0.802729	0.799538	0.0676567	93
Pparg::Rxra	MA0065.2	0.459677	0.322641	0.813337	0.811557	0.03978	93
FOSL2::JUN(var.2)	MA1131.1	0.457388	0.323498	0.780398	0.777587	0.0583435	93
FOXL1	MA0033.2	0.455979	0.324025	0.88528	0.88206	0.0634885	93
HOXD9	MA0913.2	0.451744	0.325541	0.817273	0.814017	0.0664055	93
Rxra	MA0512.2	0.444573	0.328106	0.725039	0.722924	0.0467933	93
POU3F1	MA0786.1	0.442213	0.328965	0.780286	0.776844	0.0757154	93
MEOX2	MA0706.1	0.436223	0.331146	0.8441	0.841309	0.0608127	93
JUNB(var.2)	MA1140.2	0.433067	0.332282	0.721753	0.719098	0.0598955	93
Creb5	MA0840.1	0.432149	0.33261	0.759157	0.756349	0.0643496	93
HOXA1	MA1495.1	0.430584	0.333184	0.871783	0.869061	0.0618829	93
E2F8	MA0865.1	0.428799	0.33391	0.734699	0.732586	0.0379691	93
ELK1	MA0028.2	0.421486	0.336595	0.807992	0.805366	0.0443777	93
JDP2(var.2)	MA0656.1	0.414961	0.338883	0.741164	0.738511	0.0637479	93
HOXC9	MA0485.2	0.414919	0.338908	0.781691	0.779078	0.0612714	93
HOXA5	MA0158.2	0.407658	0.341584	0.866187	0.863656	0.0585535	93
PBX2	MA1113.2	0.401988	0.343689	0.767383	0.764427	0.0655207	93
DBP	MA0639.1	0.39704	0.345507	0.783862	0.78137	0.0570159	93
PPARA::RXRA	MA1148.1	0.396808	0.345576	0.760681	0.759183	0.0360096	93
GATA1	MA0035.4	0.396496	0.345719	0.810497	0.807908	0.057205400000000003	93
LHX1	MA1518.1	0.395562	0.34599800000000003	0.888014	0.885667	0.0623927	93
ETS2	MA1484.1	0.393023	0.347041	0.850513	0.848397	0.040388	93
POU5F1B	MA0792.1	0.382767	0.350744	0.815707	0.812863	0.0766726	93
MAFK	MA0496.3	0.378688	0.352271	0.748098	0.745989	0.0556898	93
POU4F2	MA0683.1	0.378588	0.352369	0.688307	0.685626	0.0581443	93
POU2F3	MA0627.2	0.378127	0.352501	0.771646	0.768735	0.0725499	93
ZBTB32	MA1580.1	0.376757	0.352998	0.779981	0.777553	0.062974	93
POU3F3	MA0788.1	0.368948	0.355931	0.764444	0.761638	0.0690422	93
NFIX	MA0671.1	0.367116	0.356622	0.931623	0.93025	0.0331518	93
FOSB::JUNB(var.2)	MA1136.1	0.366699	0.356739	0.782404	0.780211	0.0597018	93
HOXD4	MA1507.1	0.366398	0.35685	0.877852	0.8751	0.075306	93
RARG(var.3)	MA1553.1	0.365704	0.357178	0.74292	0.741353	0.033966	93
HOXC11	MA0651.1	0.364016	0.357748	0.793014	0.790853	0.0581459	93
NFIB	MA1643.1	0.363242	0.358036	0.713479	0.711735	0.0472194	93
ETV4	MA0764.2	0.359671	0.359384	0.8861	0.883767	0.0615797	93
NR2F1(var.2)	MA1537.1	0.355776	0.360821	0.755022	0.753464	0.0444273	93
ZNF16	MA1654.1	0.353456	0.361718	0.701593	0.700343	0.0330293	93
VDR	MA0693.2	0.353472	0.361728	0.878847	0.876937	0.0478611	93
CDX2	MA0465.2	0.351107	0.362601	0.788164	0.7856	0.0679308	93
CEBPG(var.2)	MA1636.1	0.347273	0.364027	0.763148	0.761107	0.0572747	93
FOXD1	MA0031.1	0.344893	0.36492	0.836832	0.834363	0.0702924	93
NR1I3	MA1534.1	0.336974	0.367936	0.842925	0.841076	0.0482709	93
LIN54	MA0619.1	0.330465	0.370369	0.851881	0.848971	0.0848115	93
Crx	MA0467.1	0.328354	0.371168	0.819363	0.817748	0.0472702	93
ATF7	MA0834.1	0.323201	0.373111	0.729767	0.727749	0.0616915	93
MEOX1	MA0661.1	0.31297	0.377006	0.837188	0.835225	0.060012	93
POU3F2	MA0787.1	0.307974	0.37891	0.769582	0.767246	0.0718482	93
ATF3	MA0605.2	0.295669	0.383583	0.739574	0.737623	0.0676048	93
ZNF75D	MA1601.1	0.288527	0.386349	0.839161	0.837522	0.0516443	93
HOXB13	MA0901.2	0.274709	0.391651	0.770053	0.767805	0.0748868	93
MZF1	MA0056.2	0.269693	0.393596	0.820746	0.819369	0.0438132	93
FERD3L	MA1485.1	0.267023	0.394618	0.771424	0.770135	0.0426611	93
Sox3	MA0514.1	0.266255	0.394883	0.874838	0.873454	0.0520797	93
Rarb	MA0857.1	0.255914	0.398852	0.685121	0.683853	0.0538533	93
SRF	MA0083.3	0.254998	0.399222	0.685106	0.683802	0.0527054	93
FEV	MA0156.2	0.24313	0.403886	0.841984	0.840666	0.0393413	93
FOSL1::JUND(var.2)	MA1143.1	0.229695	0.409065	0.811056	0.80978000000000006	0.0504754	93
KLF17	MA1514.1	0.220704	0.412536	0.783706	0.782544	0.0550877	93
CDX4	MA1473.1	0.213445	0.415386	0.794245	0.792821	0.0644875	93
DPRX	MA1480.1	0.212536	0.415747	0.805772	0.804567	0.0531311	93
JUN	MA0488.1	0.211941	0.415969	0.795786	0.794577	0.0562422	93
Arid5a	MA0602.1	0.207928	0.417548	0.783547	0.781936	0.0721218	93
RARB(var.3)	MA1552.1	0.207826	0.417611	0.755465	0.754601	0.0337159	93
SPDEF	MA0686.1	0.205849	0.418362	0.802728	0.801715	0.0454114	93
ATOH7	MA1468.1	0.193761	0.42309	0.850654	0.84984	0.039808	93
THRB(var.2)	MA1575.1	0.187892	0.425403	0.739866	0.739063	0.0377963	93
THAP1	MA0597.1	0.183788	0.426988	0.922242	0.921664	0.0323887	93
HLTF	MA0109.1	0.177752	0.429389	0.944953	0.944413	0.0263534	93
ZNF140	MA1589.1	0.165155	0.43435	0.6872	0.686559	0.0323423	93
Atf1	MA0604.1	0.160358	0.436227	0.840219	0.839285	0.054001	93
HOXA6	MA1497.1	0.155145	0.438278	0.848399	0.84754	0.0531784	93
HOXB9	MA1503.1	0.14864	0.440845	0.789786	0.78887	0.059636	93
ZNF263	MA0528.2	0.14781	0.441183	0.857522	0.856546	0.0592628	93
GATA6	MA1104.2	0.144088	0.442641	0.779846	0.778888	0.0656805	93
FOS::JUN(var.2)	MA1126.1	0.140344	0.444132	0.749343	0.74861	0.0475289	93
ZBTB6	MA1581.1	0.139464	0.444485	0.826833	0.826086	0.0470298	93
ZNF148	MA1653.1	0.133088	0.447002	0.851727	0.850645	0.0747182	93
EGR1	MA0162.4	0.126199	0.449731	0.813104	0.812172	0.0678055	93
SMAD2::SMAD3::SMAD4	MA0513.1	0.118964	0.452582	0.806888	0.806328	0.0494469	93
CTCF	MA0139.1	0.115841	0.453836	0.779952	0.779428	0.0419686	93
FOSL2::JUND(var.2)	MA1145.1	0.110882	0.455798	0.7571	0.756443	0.0582837	93
HLF	MA0043.3	0.108343	0.456802	0.771923	0.771213	0.0666023	93
Ddit3::Cebpa	MA0019.1	0.108122	0.456899	0.826635	0.826143	0.0426366	93
Hoxa11	MA0911.1	0.107291	0.457219	0.797755	0.797164	0.0563803	93
HOXB7	MA1501.1	0.103628	0.458688	0.836237	0.835693	0.0473031	93
HAND2	MA1638.1	0.0959247	0.461738	0.86453	0.863946	0.0615922	93
HOXC12	MA0906.1	0.0727971	0.470946	0.775585	0.775166	0.0571087	93
ZNF740	MA0753.2	0.0592231	0.476357	0.804105	0.803708	0.0658385	93
GATA2	MA0036.3	0.0581979	0.476763	0.81913	0.818733	0.0695428	93
Plagl1	MA1615.1	0.0484775	0.480642	0.826274	0.825969	0.0628387	93
GMEB2	MA0862.1	0.044181	0.482359	0.813344	0.813104	0.050953	93
EN2	MA0642.1	0.0396933	0.484143	0.864546	0.86434	0.0567648	93
ZBTB14	MA1650.1	0.030116	0.487973	0.820562	0.820331	0.0713236	93
RORC	MA1151.1	0.0250368	0.489999	0.831681	0.831566	0.0469883	93
ERG	MA0474.2	0.0245151	0.490213	0.848699	0.84857	0.0394347	93
Nr2f6	MA0677.1	0.0219483	0.491234	0.744464	0.744364	0.0443833	93
HOXC13	MA0907.1	0.0187594	0.492508	0.777667	0.777553	0.0571078	93
HOXB6	MA1500.1	0.00949425	0.496208	0.887857	0.887805	0.0507719	93
JUN::JUNB(var.2)	MA1133.1	0.00789367	0.496847	0.770461	0.770415	0.0556016	93
NEUROG2(var.2)	MA1642.1	0.00212362	0.499152	0.832295	0.832284	0.0486952	93
FLI1	MA0475.2	-0.00690479	0.502756	0.829232	0.82927	0.038587	93
ARNT::HIF1A	MA0259.1	-0.0093459	0.503733	0.890608	0.890666	0.0616793	93
TAL1::TCF3	MA0091.1	-0.00976479	0.503901	0.812801	0.812849	0.0490227	93
ZNF652	MA1657.1	-0.0131213	0.505241	0.766573	0.766657	0.063147	93
NEUROD1	MA1109.1	-0.0146097	0.505835	0.824043	0.824118	0.0471629	93
POU2F1	MA0785.1	-0.0184307	0.507362	0.780317	0.780451	0.0724592	93
RXRB(var.2)	MA1555.1	-0.0236802	0.509454	0.763648	0.763751	0.0348727	93
Rarg	MA0859.1	-0.0355939	0.514215	0.703399	0.703576	0.0491021	93
Hand1::Tcf3	MA0092.1	-0.0430431	0.517188	0.880519	0.880692	0.0393454	93
SREBF2(var.2)	MA0828.1	-0.0493446	0.519696	0.780669	0.780952	0.0473291	93
HOXC4	MA1504.1	-0.0534078	0.521325	0.882168	0.882558	0.0737131	93
CDX1	MA0878.2	-0.0556772	0.522228	0.783095	0.783456	0.06293	93
PBX3	MA1114.1	-0.0676692	0.527007	0.757002	0.757345	0.0472467	93
VEZF1	MA1578.1	-0.0678496	0.527078	0.867123	0.867548	0.0574396	93
SOX14	MA1562.1	-0.0719121	0.528696	0.778432	0.778832	0.0508992	93
JUND(var.2)	MA0492.1	-0.0814232	0.532491	0.794393	0.794849	0.0559383	93
ZIC4	MA0751.1	-0.0821123	0.532759	0.805912	0.806296	0.043454	93
ETS1	MA0098.3	-0.084586	0.53373	0.845826	0.846278	0.0402035	93
EWSR1-FLI1	MA0149.1	-0.0889006	0.535451	0.688227	0.688734	0.0466237	93
TBXT	MA0009.2	-0.0909725	0.536286	0.699726	0.700128	0.0416835	93
TFAP4(var.2)	MA1570.1	-0.102577	0.540894	0.860372	0.860875	0.0435175	93
THAP11	MA1573.1	-0.104204	0.541542	0.713179	0.713794	0.0536772	93
Isl1	MA1608.1	-0.134688	0.553647	0.816519	0.81737	0.0652154	93
RUNX3	MA0684.2	-0.135171	0.553836	0.823034	0.823821	0.0592869	93
TBX15	MA0803.1	-0.156014	0.562066	0.83395300000000006	0.834836	0.0545298	93
CREB3L4(var.2)	MA1475.1	-0.169976	0.567566	0.779272	0.780213	0.0525369	93
MEIS2	MA0774.1	-0.177224	0.570425	0.860191	0.861224	0.057685	93
Nr5a2	MA0505.1	-0.188233	0.574742	0.777863	0.778761	0.0451776	93
XBP1	MA0844.1	-0.192518	0.576439	0.753265	0.754141	0.0469703	93
HOXA13	MA0650.2	-0.194191	0.577083	0.79176	0.792936	0.0590205	93
MEIS1	MA0498.2	-0.195317	0.577522	0.924364	0.925456	0.0535868	93
ZIC5	MA1584.1	-0.200249	0.579451	0.773074	0.774101	0.0485883	93
NR1D2	MA1532.1	-0.209943	0.58327	0.800151	0.800923	0.0394007	93
MAZ	MA1522.1	-0.211289	0.583767	0.876241	0.877914	0.074541	93
TFAP2C(var.3)	MA0815.1	-0.215067	0.585249	0.80818	0.809526	0.0608893	93
POU5F1	MA1115.1	-0.217957	0.586372	0.807079	0.808771	0.073892	93
ZIC3	MA0697.1	-0.222541	0.588162	0.785112	0.786209	0.0476193	93
ATF6	MA1466.1	-0.23072	0.591387	0.734641	0.735722	0.0530771	93
RARA	MA0729.1	-0.236	0.593419	0.693365	0.694408	0.0465004	93
NR1H4	MA1110.1	-0.236187	0.59346	0.794382	0.795691	0.0507599	93
ATF4	MA0833.2	-0.239547	0.594771	0.761495	0.762907	0.0557779	93
TBX4	MA0806.1	-0.246185	0.597352	0.861177	0.862423	0.0492866	93
TBX5	MA0807.1	-0.247825	0.597991	0.870741	0.87192	0.0471435	93
RELB	MA1117.1	-0.256129	0.601225	0.82305	0.824403	0.0563515	93
POU1F1	MA0784.1	-0.258962	0.602291	0.731482	0.733381	0.07037	93
Znf281	MA1630.1	-0.259835	0.602622	0.817647	0.819408	0.0633118	93
OLIG1	MA0826.1	-0.261255	0.603174	0.772437	0.773932	0.0544191	93
RORB	MA1150.1	-0.27453	0.608288	0.824968	0.826326	0.0467683	93
SOX2	MA0143.4	-0.276452	0.609034	0.821464	0.823216	0.0617294	93
CENPB	MA0637.1	-0.280704	0.610691	0.781641	0.78272	0.0404679	93
HNF4A(var.2)	MA1494.1	-0.281955	0.611126	0.726375	0.727653	0.0403707	93
NR1D1	MA1531.1	-0.286722	0.61298	0.772299	0.773504	0.0413547	93
TFAP2A(var.3)	MA0872.1	-0.291724	0.614895	0.80245	0.804318	0.0628423	93
HOXD12	MA0873.1	-0.303405	0.619357	0.781692	0.783365	0.053802	93
HINFP	MA0131.2	-0.304985	0.619934	0.817466	0.819262	0.0523093	93
Sox5	MA0087.1	-0.310439	0.622039	0.861459	0.86387100000000006	0.0762326	93
ERF	MA0760.1	-0.313976	0.623311	0.829645	0.83128	0.0368134	93
HOXD13	MA0909.2	-0.314132	0.623439	0.807684	0.809276	0.0490532	93
Hic1	MA0739.1	-0.318901	0.62526	0.863022	0.864458	0.044930200000000003	93
ZNF460	MA1596.1	-0.319871	0.625631	0.775522	0.777914	0.0752412	93
Mecom	MA0029.1	-0.329159	0.629143	0.747432	0.749394	0.0585176	93
SREBF2	MA0596.1	-0.338453	0.632621	0.832802	0.834496	0.0439614	93
ETV2	MA0762.1	-0.338715	0.632675	0.803358	0.805106	0.0368085	93
Bhlha15	MA0607.1	-0.347538	0.636056	0.855629	0.857561	0.0513381	93
NR4A1	MA1112.2	-0.348737	0.636532	0.817241	0.819326	0.0598146	93
Nkx2-5(var.2)	MA0503.1	-0.359997	0.640713	0.851949	0.853514	0.0379401	93
CREB3L4	MA1474.1	-0.36903	0.644124	0.793343	0.795119	0.0471139	93
GATA4	MA0482.2	-0.370927	0.644829	0.800472	0.802708	0.0586988	93
SOX8	MA0868.2	-0.384981	0.65005	0.825994	0.828354	0.0587422	93
ZNF24	MA1124.1	-0.385106	0.650073	0.706984	0.709547	0.0593443	93
TFAP2B(var.3)	MA0813.1	-0.39755	0.654715	0.813782	0.816155	0.0596599	93
Smad4	MA1153.1	-0.399473	0.655395	0.853419	0.855839	0.0558455	93
RORA(var.2)	MA0072.1	-0.407313	0.658313	0.762571	0.76483	0.055732	93
TFAP2A(var.2)	MA0810.1	-0.415817	0.661427	0.871236	0.873406	0.0515677	93
ZBTB26	MA1579.1	-0.417249	0.661969	0.824252	0.826646	0.059144	93
NEUROG2	MA0669.1	-0.418071	0.662273	0.790518	0.792675	0.0535509	93
SOX18	MA1563.1	-0.423332	0.664088	0.918023	0.919466	0.0253101	93
GATA1::TAL1	MA0140.2	-0.424261	0.664469	0.760265	0.762472	0.0451478	93
HIF1A	MA1106.1	-0.424618	0.664657	0.831327	0.833935	0.0625209	93
GLIS3	MA0737.1	-0.427571	0.665731	0.740907	0.742723	0.042935	93
TBX1	MA0805.1	-0.427804	0.665801	0.830501	0.833	0.0568974	93
DMRT3	MA0610.1	-0.436842	0.669076	0.784059	0.786884	0.0609588	93
NFIA	MA0670.1	-0.445242	0.672101	0.840681	0.843625	0.0593425	93
CREM	MA0609.2	-0.446386	0.672537	0.724279	0.727025	0.0586967	93
NR2F1	MA0017.2	-0.447451	0.672952	0.807231	0.809668	0.0557325	93
SOX9	MA0077.1	-0.450746	0.674127	0.841403	0.843883	0.0544457	93
TBX6	MA1567.1	-0.451779	0.674504	0.851759	0.85378	0.0447437	93
RXRG(var.2)	MA1556.1	-0.456949	0.676312	0.758195	0.760278	0.0394891	93
MYC	MA0147.3	-0.461736	0.678049	0.804683	0.807524	0.0560532	93
ZSCAN29	MA1602.1	-0.466739	0.679907	0.78229	0.784442	0.0488067	93
BHLHE23	MA0817.1	-0.468477	0.680483	0.757956	0.760671	0.055422	93
HOXA7	MA1498.1	-0.474569	0.682669	0.871889	0.874915	0.0622218	93
TBX18	MA1565.1	-0.480102	0.684636	0.813236	0.815464	0.0447969	93
HOXB8	MA1502.1	-0.486496	0.686908	0.863613	0.866955	0.0663328	93
ISL2	MA0914.1	-0.493627	0.689445	0.863117	0.865869	0.0553358	93
GATA3	MA0037.3	-0.498631	0.691226	0.859353	0.862595	0.0664563	93
ZFP57	MA1583.1	-0.499416	0.691442	0.819437	0.822293	0.0506444	93
HES7	MA0822.1	-0.50335	0.692853	0.727527	0.730391	0.0538478	93
MGA	MA0801.1	-0.508538	0.694708	0.854047	0.856725	0.0534579	93
ZSCAN4	MA1155.1	-0.518321	0.698074	0.72849	0.730937	0.0418739	93
Sox6	MA0515.1	-0.52413	0.70015	0.860372	0.863219	0.054316	93
TFAP2B	MA0811.1	-0.530737	0.702436	0.854886	0.857551	0.0492416	93
E2F2	MA0864.2	-0.536656	0.704515	0.753058	0.755513	0.0475064	93
Atoh1	MA0461.2	-0.549761	0.708993	0.820724	0.823517	0.0489894	93
NFYA	MA0060.3	-0.550548	0.709234	0.815318	0.818924	0.0590616	93
TFAP2C	MA0524.2	-0.566068	0.71457	0.850835	0.853662	0.0485189	93
NKX2-5	MA0063.2	-0.582838	0.72014	0.830372	0.833775	0.0426964	93
RXRA::VDR	MA0074.1	-0.589413	0.722427	0.753591	0.755991	0.0369899	93
NR3C2	MA0727.1	-0.590096	0.722675	0.718327	0.7212	0.0462006	93
HOXA4	MA1496.1	-0.591864	0.723284	0.892022	0.895059	0.0503315	93
Ar	MA0007.3	-0.600267	0.726063	0.722459	0.725172	0.0416349	93
EOMES	MA0800.1	-0.607209	0.728355	0.782754	0.785714	0.0430304	93
POU6F1(var.2)	MA1549.1	-0.631749	0.736437	0.829961	0.833784	0.0529582	93
HOXD8	MA0910.2	-0.641816	0.739758	0.858074	0.862371	0.0639576	93
HES5	MA0821.1	-0.653983	0.743693	0.744666	0.748255	0.0520358	93
GLIS2	MA0736.1	-0.665898	0.747541	0.785036	0.7882	0.047029	93
TCF21(var.2)	MA1568.1	-0.674503	0.750235	0.80774	0.810428	0.0356849	93
Gmeb1	MA0615.1	-0.683952	0.753279	0.814189	0.817285	0.0446474	93
ZNF136	MA1588.1	-0.6852	0.753675	0.72448	0.727715	0.0467491	93
Twist2	MA0633.1	-0.694731	0.756653	0.801107	0.805608	0.0617044	93
Sox17	MA0078.1	-0.717778	0.763859	0.87083	0.875054	0.0597714	93
MEIS3	MA0775.1	-0.718711	0.764138	0.882874	0.886699	0.0533452	93
PPARG	MA0066.1	-0.73205	0.768138	0.738384	0.740964	0.0292365	93
NRF1	MA0506.1	-0.734635	0.769001	0.838867	0.844252	0.071134	93
ESRRB	MA0141.3	-0.736881	0.769642	0.76729	0.771515	0.0512006	93
NR3C1	MA0113.3	-0.754444	0.774981	0.72106	0.724725	0.046004	93
Rarb(var.2)	MA0858.1	-0.757509	0.775939	0.697517	0.700934	0.0456728	93
NKX2-8	MA0673.1	-0.786705	0.784559	0.891762	0.895011	0.0398009	93
TFAP2B(var.2)	MA0812.1	-0.789095	0.785264	0.849083	0.853532	0.0548039	93
NFIC	MA0161.2	-0.800207	0.78845	0.828798	0.833577	0.0530978	93
TBX3	MA1566.1	-0.804556	0.789821	0.87869	0.881918	0.0431668	93
OSR1	MA1542.1	-0.814838	0.792666	0.830037	0.833809	0.0412642	93
MITF	MA0620.3	-0.817259	0.793334	0.74674	0.751349	0.0476276	93
Arntl	MA0603.1	-0.819592	0.793979	0.812424	0.817467	0.049487	93
BHLHE22	MA0818.1	-0.824011	0.795331	0.788713	0.793098	0.0518665	93
TFAP2A	MA0003.4	-0.824153	0.795349	0.813753	0.81862	0.0553507	93
Rarg(var.2)	MA0860.1	-0.83226	0.797706	0.69155199999999994	0.695376	0.0475765	93
Dux	MA0611.1	-0.836134	0.798757	0.841289	0.847694	0.0744072	93
MZF1(var.2)	MA0057.1	-0.839674	0.799774	0.906655	0.909997	0.0400964	93
NEUROG1	MA0623.2	-0.840199	0.799899	0.787573	0.792074	0.0519974	93
TBX19	MA0804.1	-0.843506	0.800782	0.679328	0.682991	0.0389956	93
EBF1	MA0154.4	-0.849187	0.802381	0.777418	0.782074	0.0505539	93
NR2F2	MA1111.1	-0.854974	0.804079	0.816981	0.822183	0.0650721	93
MXI1	MA1108.2	-0.855565	0.804171	0.858373	0.863902	0.061777	93
SREBF1	MA0595.1	-0.859351	0.805179	0.848336	0.852476	0.0429257	93
ETV3	MA0763.1	-0.867756	0.807422	0.831519	0.835857	0.0380838	93
E2F4	MA0470.2	-0.872125	0.808723	0.743276	0.747338	0.0446414	93
CREB3	MA0638.1	-0.872595	0.808922	0.756202	0.760337	0.0506844	93
Mlxip	MA0622.1	-0.874349	0.809285	0.817291	0.823892	0.0666314	93
RORA	MA0071.1	-0.877361	0.810207	0.81855	0.823488	0.0591901	93
NR4A2	MA0160.1	-0.878438	0.810481	0.889501	0.893566	0.0473513	93
MLXIPL	MA0664.1	-0.887951	0.812908	0.790103	0.795318	0.0452929	93
Wt1	MA1627.1	-0.898545	0.81583	0.823066	0.828844	0.0598172	93
MTF1	MA0863.1	-0.902489	0.816817	0.72516099999999994	0.728912	0.0340061	93
RARA(var.2)	MA0730.1	-0.924186	0.822693	0.706875	0.710809	0.0467548	93
TFEC	MA0871.2	-0.924964	0.822724	0.789682	0.79543	0.050791	93
MSGN1	MA1524.1	-0.934447	0.825277	0.836122	0.840896	0.0504061	93
TFAP2E	MA1569.1	-0.93468	0.825337	0.870086	0.876258	0.0650883	93
TBR1	MA0802.1	-0.942582	0.827346	0.797184	0.80205	0.0492442	93
RUNX1	MA0002.2	-0.959918	0.831787	0.848006	0.852338	0.0459922	93
Nr2e3	MA0164.1	-0.961098	0.831995	0.823117	0.830206	0.0643102	93
GLIS1	MA0735.1	-0.965684	0.833192	0.697143	0.701599	0.0439099	93
HIC2	MA0738.1	-0.973668	0.835152	0.900671	0.90489	0.0389703	93
HNF4G	MA0484.2	-0.975489	0.835548	0.77954	0.784884	0.0437416	93
E2F1	MA0024.3	-1.02173	0.846915	0.764861	0.7698	0.0517231	93
ZKSCAN1	MA1585.1	-1.0343	0.849755	0.785307	0.790744	0.0464839	93
PAX3(var.2)	MA1546.1	-1.03983	0.851067	0.744989	0.749015	0.0358534	93
NFYC	MA1644.1	-1.04513	0.852303	0.810738	0.817713	0.0625756	93
NEUROD2	MA0668.1	-1.05967	0.85561	0.84574	0.849938	0.0353266	93
SOHLH2	MA1560.1	-1.08049	0.860287	0.795698	0.802357	0.0542293	93
ZNF449	MA1656.1	-1.08146	0.860543	0.795408	0.800995	0.0489563	93
TFE3	MA0831.2	-1.0829	0.860847	0.845878	0.852278	0.0543681	93
SOX13	MA1120.1	-1.09028	0.862503	0.821938	0.829006	0.0623733	93
PROX1	MA0794.1	-1.10545	0.86576	0.753819	0.758873	0.0396787	93
Spz1	MA0111.1	-1.11043	0.866937	0.862932	0.866532	0.033621	93
TBX21	MA0690.1	-1.1349	0.872083	0.793695	0.799524	0.0491199	93
HNF4A	MA0114.4	-1.141	0.87327	0.773515	0.77989	0.044669	93
MLX	MA0663.1	-1.14344	0.873779	0.766584	0.77323	0.0468775	93
EGR3	MA0732.1	-1.15525	0.876283	0.77314	0.780667	0.0609403	93
TBX20	MA0689.1	-1.15595	0.876423	0.794605	0.800256	0.0454822	93
CREB3L1	MA0839.1	-1.16161	0.877626	0.731887	0.73715	0.0458932	93
Arnt	MA0004.1	-1.18828	0.882873	0.852826	0.86117	0.0606408	93
ESRRA	MA0592.3	-1.19388	0.884	0.769527	0.776198	0.0511383	93
NKX6-3	MA1530.1	-1.20183	0.885593	0.846832	0.854417	0.0627833	93
ZNF354C	MA0130.1	-1.20538	0.886307	0.957648	0.962358	0.0405937	93
TFEB	MA0692.1	-1.20953	0.887029	0.814979	0.821723	0.0508199	93
OLIG2	MA0678.1	-1.21897	0.888834	0.786628	0.793193	0.0494973	93
BHLHE41	MA0636.1	-1.22337	0.889605	0.768278	0.775543	0.0476455	93
NR5A1	MA1540.1	-1.23208	0.891325	0.839503	0.845569	0.0472903	93
THRB(var.3)	MA1576.1	-1.23216	0.891365	0.73338	0.738049	0.0380287	93
RFX7	MA1554.1	-1.24577	0.893775	0.8796	0.884452	0.0312948	93
ZBTB33	MA0527.1	-1.24799	0.894184	0.76564	0.772676	0.045764	93
ZNF143	MA0088.2	-1.25038	0.894765	0.74094	0.746474	0.0470696	93
EGR4	MA0733.1	-1.26803	0.897888	0.773558	0.780201	0.050543	93
TFAP2C(var.2)	MA0814.2	-1.31214	0.905519	0.817255	0.825276	0.0567563	93
Ahr::Arnt	MA0006.1	-1.32372	0.90747	0.904539	0.913397	0.0639075	93
GATA5	MA0766.2	-1.33507	0.909358	0.838484	0.846353	0.058231	93
HEY2	MA0649.1	-1.33969	0.910074	0.807016	0.814695	0.0526169	93
OLIG3	MA0827.1	-1.35365	0.912327	0.81248	0.819075	0.0453701	93
HES1	MA1099.2	-1.38704	0.917525	0.842918	0.85239	0.0627389	93
NR2C1	MA1535.1	-1.39353	0.918536	0.902135	0.9102	0.0562377	93
TBX2	MA0688.1	-1.40077	0.919593	0.812834	0.819378	0.0426963	93
BHLHE40	MA0464.2	-1.4372	0.924861	0.80066	0.809721	0.052857	93
MYCN	MA0104.4	-1.45889	0.927922	0.779411	0.788166	0.0543499	93
FOXH1	MA0479.1	-1.46556	0.928889	0.811459	0.8201	0.0596517	93
ZBTB7B	MA0694.1	-1.46621	0.928946	0.78898	0.796231	0.0470558	93
ARNT2	MA1464.1	-1.48187	0.930991	0.794331	0.803892	0.053079	93
Npas2	MA0626.1	-1.48627	0.931607	0.831774	0.840522	0.0527714	93
NKX2-2	MA1645.1	-1.49336	0.932494	0.805599	0.813013	0.0394262	93
USF1	MA0093.3	-1.50197	0.933651	0.76361	0.771984	0.0492262	93
HOXA9	MA0594.2	-1.50432	0.933966	0.85193700000000006	0.859193	0.0439805	93
TCFL5	MA0632.2	-1.51395	0.935147	0.825344	0.835763	0.0551971	93
PAX5	MA0014.3	-1.52133	0.936153	0.805354	0.813171	0.0499749	93
MNT	MA0825.1	-1.57046	0.942033	0.825543	0.83503	0.0528201	93
CLOCK	MA0819.1	-1.57848	0.942964	0.800659	0.808379	0.0434391	93
NR2C2(var.2)	MA1536.1	-1.58039	0.943241	0.941162	0.947009	0.0376447	93
Creb3l2	MA0608.1	-1.60312	0.945749	0.822135	0.831136	0.0518909	93
GLI3	MA1491.1	-1.62516	0.948132	0.775185	0.782675	0.0424051	93
Pax2	MA0067.1	-1.63262	0.948949	0.919927	0.926513	0.0397475	93
USF2	MA0526.3	-1.6363	0.949297	0.762337	0.771632	0.0510518	93
RARA::RXRA	MA0159.1	-1.63925	0.949647	0.791749	0.797519	0.0351478	93
HES2	MA0616.2	-1.64057	0.949751	0.796224	0.807232	0.0618571	93
Nkx3-2	MA0122.3	-1.65115	0.950832	0.765269	0.775699	0.0572695	93
MAX	MA0058.3	-1.65126	0.950832	0.813139	0.823549	0.0553376	93
HEY1	MA0823.1	-1.66655	0.952384	0.795031	0.805772	0.0589241	93
ZBTB7C	MA0695.1	-1.67215	0.952967	0.814516	0.822194	0.0453122	93
RFX5	MA0510.2	-1.69082	0.954657	0.701989	0.710932	0.0344019	93
NR2F6(var.3)	MA1539.1	-1.69194	0.95478	0.714414	0.722049	0.0319316	93
GLI2	MA0734.2	-1.74324	0.959513	0.756529	0.764694	0.0413236	93
RBPJ	MA1116.1	-1.79145	0.963532	0.876585	0.888201	0.0558529	93
RFX2	MA0600.2	-1.81361	0.965212	0.707089	0.716721	0.034787	93
Esrrg	MA0643.1	-1.8299	0.966535	0.808103	0.81775	0.0504268	93
ZNF410	MA0752.1	-1.83473	0.966854	0.669747	0.678758	0.0409512	93
NR2F1(var.3)	MA1538.1	-1.84613	0.96767	0.728576	0.736735	0.0339079	93
NKX2-3	MA0672.1	-1.8608	0.968779	0.853746	0.862678	0.0465454	93
HES6	MA1493.1	-1.88669	0.970564	0.792413	0.801229	0.0460797	93
NFYB	MA0502.2	-1.91286	0.972248	0.791756	0.803189	0.0533971	93
ZNF382	MA1594.1	-1.93919	0.973866	0.673742	0.680435	0.0281583	93
EGR2	MA0472.2	-2.0214	0.978494	0.796599	0.808129	0.0513436	93
MAX::MYC	MA0059.1	-2.30204	0.9894	0.785791	0.797632	0.0448089	93
NR1H4::RXRA	MA1146.1	-2.33127	0.990186	0.748825	0.757709	0.0313832	93
RFX4	MA0799.1	-2.36803	0.991092	0.754182	0.7656	0.0315588	93
RFX1	MA0509.2	-2.43076	0.992505	0.760631	0.773599	0.0402319	93
ZFP42	MA1651.1	-2.4815	0.993514	0.719541	0.732999	0.0518098	93
RFX3	MA0798.2	-2.54128	0.994505	0.759701	0.773022	0.0376006	93
YY1	MA0095.2	-2.65452	0.996062	0.780354	0.796807	0.0552715	93
Nkx3-1	MA0124.2	-2.89151	0.998104	0.816388	0.832362	0.0519271	93
NR4A2::RXRA	MA1147.1	-2.95566	0.998452	0.762207	0.773537	0.029485	93
YY2	MA0748.2	-3.1288	0.999132	0.801628	0.821895	0.0560419	93
Degrees of freedom: 37474		NA	NA	NA	NA	NA	NA
ZBTB33	MA0527.1	2.86055	0.00209871	0.791676	0.772676	0.0523324	67
MAZ	MA1522.1	2.82002	0.00237988	0.904218	0.877914	0.0809407	67
PLAG1	MA0163.1	2.39094	0.00835085	0.81534	0.800424	0.0525837	67
EGR3	MA0732.1	2.29181	0.0108975	0.798255	0.780667	0.0636456	67
EGR1	MA0162.4	2.2909	0.0109277	0.832095	0.812172	0.0696282	67
Wt1	MA1627.1	2.24052	0.0124531	0.845815	0.828844	0.0669223	67
KLF5	MA0599.1	2.18656	0.0143236	0.943953	0.92756	0.0578082	67
EGR4	MA0733.1	2.18056	0.0145365	0.793654	0.780201	0.0502714	67
ZNF148	MA1653.1	2.13987	0.0160987	0.871139	0.850645	0.0817341	67
ZBTB14	MA1650.1	2.08398	0.0184979	0.839161	0.820331	0.0730764	67
TCFL5	MA0632.2	2.05764	0.0197246	0.852447	0.835763	0.0661028	67
TFAP2E	MA1569.1	2.01519	0.0218682	0.891925	0.876258	0.0562269	67
KLF4	MA0039.4	2.0053	0.0223826	0.896521	0.879556	0.0642231	67
KLF2	MA1515.1	1.98917	0.0232462	0.90941	0.894352	0.0608982	67
ZNF740	MA0753.2	1.96178	0.0247839	0.81921600000000006	0.803708	0.0671018	67
KLF9	MA1107.2	1.95719	0.0250643	0.808751	0.794726	0.0572335	67
KLF16	MA0741.1	1.87421	0.0303533	0.886043	0.870747	0.0612152	67
TFAP2B	MA0811.1	1.83836	0.0329026	0.868422	0.857551	0.044301	67
KLF6	MA1517.1	1.8115	0.034912	0.893112	0.880258	0.0567768	67
MYCN	MA0104.4	1.79483	0.0361349	0.800861	0.788166	0.0734704	67
NR2C2	MA0504.1	1.77059	0.0382131	0.831962	0.823751	0.0332289	67
TFAP2B(var.2)	MA0812.1	1.75507	0.0395068	0.865184	0.853532	0.0506098	67
THRB(var.2)	MA1575.1	1.75107	0.0397999	0.747881	0.739063	0.0458816	67
SP9	MA1564.1	1.73859	0.0409456	0.879169	0.865208	0.0581178	67
TFAP2C	MA0524.2	1.73464	0.041285	0.863863	0.853662	0.0443077	67
CTCFL	MA1102.2	1.72518	0.0421174	0.85379	0.839568	0.0652927	67
KLF15	MA1513.1	1.66641	0.0476813	0.880445	0.860109	0.0951083	67
TFAP2A(var.3)	MA0872.1	1.65676	0.0486073	0.816812	0.804318	0.0669865	67
TFAP2C(var.3)	MA0815.1	1.64444	0.049861	0.821651	0.809526	0.0659947	67
MTF1	MA0863.1	1.62742	0.0517047	0.73688	0.728912	0.0350714	67
E2F2	MA0864.2	1.62395	0.0519986	0.764263	0.755513	0.0495018	67
Znf281	MA1630.1	1.62321	0.0520715	0.832368	0.819408	0.0744451	67
PLAGL2	MA1548.1	1.60321	0.0542819	0.859986	0.846444	0.0698799	67
TFAP2A(var.2)	MA0810.1	1.57974	0.0569636	0.883113	0.873406	0.0430938	67
THRB(var.3)	MA1576.1	1.57702	0.0571624	0.74509	0.738049	0.043881	67
SP3	MA0746.2	1.57018	0.0580575	0.865185	0.852593	0.0582456	67
KLF10	MA1511.1	1.55745	0.0595167	0.872001	0.861439	0.0555091	67
KLF11	MA1512.1	1.54699	0.0607753	0.876785	0.865068	0.0600873	67
PAX5	MA0014.3	1.49517	0.0673135	0.822216	0.813171	0.0410525	67
TFAP2B(var.3)	MA0813.1	1.4291	0.0762673	0.826202	0.816155	0.063076	67
CTCF	MA0139.1	1.42406	0.0769915	0.787012	0.779428	0.0479037	67
MZF1(var.2)	MA0057.1	1.4127	0.0786176	0.916621	0.909997	0.044932	67
VEZF1	MA1578.1	1.40806	0.0792981	0.877949	0.867548	0.0712515	67
Gmeb1	MA0615.1	1.39161	0.0818635	0.824702	0.817285	0.0396567	67
OSR2	MA1646.1	1.38827	0.082312	0.847314	0.838609	0.0547792	67
SP1	MA0079.4	1.38732	0.0825226	0.823414	0.812589	0.0566198	67
ZNF682	MA1599.1	1.35018	0.0883211	0.775553	0.766683	0.0484703	67
EGR2	MA0472.2	1.3407	0.089809	0.817137	0.808129	0.0557063	67
HINFP	MA0131.2	1.33659	0.0905282	0.828533	0.819262	0.049685	67
ZNF263	MA0528.2	1.33559	0.0906582	0.866939	0.856546	0.0617272	67
GLI3	MA1491.1	1.30455	0.0958891	0.789755	0.782675	0.0363283	67
MYC	MA0147.3	1.29055	0.0981571	0.81688	0.807524	0.0693856	67
Klf1	MA0493.1	1.27965	0.100135	0.873658	0.865753	0.0501729	67
MAX::MYC	MA0059.1	1.25039	0.105329	0.80521	0.797632	0.0548549	67
Plagl1	MA1615.1	1.19864	0.115129	0.834856	0.825969	0.060007	67
ZNF274	MA1592.1	1.19712	0.115358	0.781655	0.775754	0.0460362	67
EBF1	MA0154.4	1.16664	0.121436	0.78961	0.782074	0.0566739	67
ZNF341	MA1655.1	1.15874	0.123052	0.829268	0.822091	0.0526027	67
GLI2	MA0734.2	1.15456	0.123983	0.771062	0.764694	0.0380162	67
SP4	MA0685.1	1.14723	0.125479	0.800589	0.791926	0.0542931	67
KLF14	MA0740.1	1.127	0.129698	0.826209	0.818128	0.0527627	67
Pparg::Rxra	MA0065.2	1.09966	0.135594	0.816571	0.811557	0.0306294	67
SP2	MA0516.2	1.09436	0.1367	0.796723	0.78945	0.0521285	67
Creb3l2	MA0608.1	1.09125	0.137275	0.838355	0.831136	0.0647018	67
SP8	MA0747.1	1.08443	0.138918	0.877364	0.870403	0.0466581	67
Sox3	MA0514.1	1.06378	0.14346	0.879965	0.873454	0.0544566	67
ZBTB6	MA1581.1	1.0487	0.146954	0.832702	0.826086	0.0500695	67
KLF3	MA1516.1	1.04184	0.148561	0.853922	0.846119	0.055974	67
NR4A2	MA0160.1	1.00978	0.156094	0.899068	0.893566	0.0434363	67
Klf12	MA0742.1	1.004	0.157507	0.815894	0.809666	0.0464907	67
KLF17	MA1514.1	0.992097	0.16037	0.788692	0.782544	0.0492688	67
GLIS3	MA0737.1	0.988073	0.161387	0.747664	0.742723	0.0363611	67
TFAP2C(var.2)	MA0814.2	0.979619	0.163479	0.832328	0.825276	0.0501828	67
HNF4G	MA0484.2	0.960865	0.168057	0.791087	0.784884	0.0572197	67
OSR1	MA1542.1	0.959428	0.168496	0.83904	0.833809	0.0400903	67
MEIS2	MA0774.1	0.941974	0.172856	0.867692	0.861224	0.0601187	67
E2F4	MA0470.2	0.905579	0.182278	0.752307	0.747338	0.0532849	67
ZNF684	MA1600.1	0.901297	0.183496	0.731271	0.727197	0.037371	67
Pou5f1::Sox2	MA0142.1	0.865922	0.192959	0.755058	0.749041	0.0684702	67
Rhox11	MA0629.1	0.858052	0.195166	0.797981	0.793401	0.0489675	67
ZIC4	MA0751.1	0.842245	0.199597	0.810933	0.806296	0.0468882	67
HNF4A	MA0114.4	0.828736	0.203383	0.785346	0.77989	0.0581109	67
ZKSCAN5	MA1652.1	0.809429	0.208992	0.826479	0.821351	0.0427051	67
TFDP1	MA1122.1	0.798554	0.212073	0.856117	0.849665	0.0651151	67
KLF13	MA0657.1	0.785413	0.215885	0.743476	0.739248	0.0455928	67
ZIC5	MA1584.1	0.769736	0.220507	0.77875	0.774101	0.0514055	67
BHLHE22(var.2)	MA1635.1	0.768578	0.220863	0.864973	0.85853	0.0693721	67
HES1	MA1099.2	0.765115	0.221871	0.858545	0.85239	0.0700374	67
GLIS1	MA0735.1	0.757764	0.224146	0.705716	0.701599	0.0380361	67
PBX3	MA1114.1	0.752118	0.225808	0.761839	0.757345	0.0462262	67
EWSR1-FLI1	MA0149.1	0.728872	0.232863	0.693634	0.688734	0.0517584	67
ZIC3	MA0697.1	0.726497	0.233556	0.790427	0.786209	0.0488127	67
NR1I2	MA1533.1	0.725191	0.234001	0.788439	0.785427	0.0310439	67
ZBTB7C	MA0695.1	0.703159	0.240797	0.825996	0.822194	0.0424386	67
GLIS2	MA0736.1	0.701041	0.241444	0.792123	0.7882	0.0456146	67
PRDM4	MA1647.1	0.699669	0.241755	0.846947	0.842234	0.0697847	67
TFAP2A	MA0003.4	0.696455	0.242933	0.823463	0.81862	0.0477825	67
SRF	MA0083.3	0.687118	0.24572	0.68794	0.683802	0.0597799	67
THAP1	MA0597.1	0.673695	0.250061	0.92416	0.921664	0.0303185	67
SOX10	MA0442.2	0.662209	0.253742	0.854272	0.849151	0.061027	67
ZNF460	MA1596.1	0.661284	0.25404	0.783737	0.777914	0.0691055	67
Arnt	MA0004.1	0.657763	0.255146	0.866612	0.86117	0.0694797	67
CREB3L4	MA1474.1	0.655074	0.255995	0.798832	0.795119	0.0494897	67
SPI1	MA0080.5	0.646558	0.25871	0.755162	0.751331	0.0559216	67
TFEC	MA0871.2	0.637262	0.261803	0.800096	0.79543	0.0579523	67
Zfx	MA0146.2	0.632383	0.263436	0.860372	0.855406	0.0541194	67
ZBTB7B	MA0694.1	0.625712	0.265564	0.799876	0.796231	0.0481368	67
ARNT::HIF1A	MA0259.1	0.58931	0.277649	0.894978	0.890666	0.0599842	67
NRF1	MA0506.1	0.575167	0.282439	0.849217	0.844252	0.0655503	67
ZNF135	MA1587.1	0.56903	0.284514	0.789075	0.785202	0.0525696	67
MZF1	MA0056.2	0.565947	0.285539	0.822774	0.819369	0.0497052	67
EBF3	MA1637.1	0.564774	0.285902	0.80356	0.799623	0.0632861	67
Tcf12	MA0521.1	0.544482	0.292884	0.86725	0.863658	0.0544036	67
MAX	MA0058.3	0.526729	0.299016	0.827461	0.823549	0.0627406	67
NFYA	MA0060.3	0.498519	0.308881	0.822771	0.818924	0.0672195	67
MYOG	MA0500.2	0.466283	0.320338	0.831378	0.82776400000000006	0.0672307	67
Foxo1	MA0480.1	0.45889	0.322971	0.834296	0.831147	0.0629946	67
SPIB	MA0081.2	0.444829	0.328047	0.78049	0.777921	0.0521473	67
MEIS1	MA0498.2	0.442327	0.328987	0.928368	0.925456	0.053005	67
E2F6	MA0471.2	0.417914	0.337877	0.855182	0.852237	0.055767	67
Ascl2	MA0816.1	0.405465	0.342419	0.839995	0.83739	0.055585	67
Ahr::Arnt	MA0006.1	0.392854	0.34706	0.916494	0.913397	0.0701677	67
GFI1	MA0038.2	0.38969	0.34823	0.798828	0.796408	0.0553829	67
Ebf2	MA1604.1	0.364845	0.357462	0.801952	0.799487	0.061581	67
SREBF1	MA0595.1	0.360607	0.359118	0.854522	0.852476	0.0373465	67
MYOD1	MA0499.2	0.349177	0.363388	0.827579	0.825451	0.0435666	67
HIF1A	MA1106.1	0.340972	0.366465	0.836401	0.833935	0.0543607	67
SOX15	MA1152.1	0.326992	0.371717	0.869442	0.866958	0.0647627	67
RREB1	MA0073.1	0.320114	0.374331	0.797381	0.795519	0.0478281	67
PKNOX1	MA0782.2	0.313216	0.376958	0.772233	0.770201	0.0515114	67
HES2	MA0616.2	0.309448	0.378379	0.809678	0.807232	0.0665286	67
ZIC1	MA0696.1	0.308497	0.378748	0.776073	0.774242	0.0482464	67
E2F1	MA0024.3	0.297125	0.383055	0.771492	0.7698	0.052915	67
USF2	MA0526.3	0.283926	0.388119	0.773532	0.771632	0.0593833	67
RELB	MA1117.1	0.275074	0.391549	0.826113	0.824403	0.0468635	67
GATA1::TAL1	MA0140.2	0.25866	0.397872	0.764057	0.762472	0.0462969	67
NR2F1	MA0017.2	0.258376	0.397959	0.811325	0.809668	0.0554247	67
Mlxip	MA0622.1	0.256883	0.398538	0.826177	0.823892	0.0759659	67
NR2C1	MA1535.1	0.250909	0.400858	0.91191	0.9102	0.0550382	67
RARA::RXRA	MA0159.1	0.245623	0.402878	0.798537	0.797519	0.0383464	67
RARA(var.2)	MA0730.1	0.236387	0.406467	0.711994	0.710809	0.0450129	67
FOXK1	MA0852.2	0.223399	0.41152	0.79369	0.792099	0.0636182	67
MNT	MA0825.1	0.201334	0.420145	0.836463	0.83503	0.0594876	67
OVOL1	MA1544.1	0.194911	0.42261	0.74841	0.747231	0.0660423	67
Nkx2-5(var.2)	MA0503.1	0.171214	0.431951	0.854391	0.853514	0.0472772	67
USF1	MA0093.3	0.170913	0.432072	0.773107	0.771984	0.0596383	67
MYB	MA0100.3	0.166185	0.433929	0.865609	0.864485	0.0632896	67
PRDM1	MA0508.3	0.159055	0.436751	0.849259	0.848109	0.0617893	67
Gfi1b	MA0483.1	0.137996	0.445062	0.837717	0.836853	0.0568805	67
RARA::RXRG	MA1149.1	0.12692	0.449454	0.791354	0.790771	0.0387183	67
SNAI2	MA0745.2	0.119096	0.452564	0.815527	0.814747	0.0493771	67
FOSL2	MA0478.1	0.0893408	0.46437	0.822739	0.822129	0.0590133	67
Zic2	MA1629.1	0.0886433	0.464649	0.805436	0.804892	0.0519784	67
SNAI3	MA1559.1	0.0870329	0.465297	0.836413	0.83586800000000006	0.0466144	67
RFX7	MA1554.1	0.0791189	0.468436	0.884815	0.884452	0.0403758	67
HEY1	MA0823.1	0.0728158	0.470947	0.806325	0.805772	0.0658901	67
TP53	MA0106.3	0.07204	0.471261	0.708264	0.707924	0.0372899	67
MLX	MA0663.1	0.0692836	0.472358	0.773704	0.77323	0.0547424	67
ZNF140	MA1589.1	0.0636886	0.474583	0.68685	0.686559	0.0400321	67
TCF4	MA0830.2	0.0474139	0.481079	0.839233	0.838917	0.0466268	67
MAFA	MA1521.1	0.04444	0.482265	0.760667	0.760444	0.0347804	67
HLF	MA0043.3	0.0339123	0.486461	0.771475	0.771213	0.065405	67
Arntl	MA0603.1	0.0332384	0.486732	0.817708	0.817467	0.0548462	67
FOXP2	MA0593.1	0.0285522	0.4886	0.82548	0.825244	0.0710043	67
NHLH1	MA0048.2	0.0258914	0.489662	0.828984	0.828809	0.0563509	67
TFAP4	MA0691.1	0.0201973	0.491935	0.795941	0.795801	0.0604816	67
ARNT2	MA1464.1	0.0130452	0.494792	0.803991	0.803892	0.0567557	67
REL	MA0101.1	0.00748445	0.497011	0.869758	0.869717	0.0459161	67
SMAD5	MA1557.1	0.00662104	0.497356	0.781764	0.781728	0.0473784	67
ASCL1	MA1100.2	-0.0128087	0.505114	0.874719	0.874797	0.0502231	67
MITF	MA0620.3	-0.0155979	0.506229	0.751245	0.751349	0.0570251	67
BHLHE41	MA0636.1	-0.0246677	0.509847	0.77537	0.775543	0.0506105	67
ZFP42	MA1651.1	-0.0375467	0.514993	0.732759	0.732999	0.0604951	67
TP73	MA0861.1	-0.0398881	0.515918	0.742365	0.74256	0.0317309	67
FIGLA	MA0820.1	-0.0432713	0.51727	0.863731	0.863992	0.0443917	67
ZNF282	MA1154.1	-0.0432725	0.51728	0.739993	0.7402	0.0464305	67
MEIS3	MA0775.1	-0.056123	0.522401	0.886347	0.886699	0.0546269	67
SOHLH2	MA1560.1	-0.0726619	0.528986	0.801829	0.802357	0.0568388	67
BHLHE40	MA0464.2	-0.0827019	0.532978	0.809107	0.809721	0.0528718	67
SIX2	MA1119.1	-0.0844449	0.533692	0.736948	0.737451	0.0583721	67
ZNF528	MA1597.1	-0.0885702	0.535322	0.705958	0.70641	0.0432037	67
TBXT	MA0009.2	-0.0899824	0.535882	0.69966	0.700128	0.0429285	67
THRB	MA1574.1	-0.0929632	0.537066	0.79818	0.798607	0.0370709	67
NFATC3	MA0625.1	-0.0944053	0.537658	0.861256	0.861871	0.0662009	67
ZNF136	MA1588.1	-0.0983609	0.539215	0.727168	0.727715	0.0472589	67
Ar	MA0007.3	-0.0989038	0.539432	0.724645	0.725172	0.0463469	67
FOXO4	MA0848.1	-0.10103	0.540276	0.868586	0.869398	0.068698	67
SREBF2(var.2)	MA0828.1	-0.103559	0.541272	0.780251	0.780952	0.0509037	67
ZSCAN4	MA1155.1	-0.107422	0.542818	0.730339	0.730937	0.049484	67
NFATC4	MA1525.1	-0.116597	0.546465	0.861164	0.861923	0.0613694	67
CREB3L4(var.2)	MA1475.1	-0.118709	0.547286	0.779439	0.780213	0.0513301	67
SREBF2	MA0596.1	-0.123449	0.549161	0.833768	0.834496	0.0444709	67
NFATC1	MA0624.1	-0.131464	0.552369	0.879065	0.879874	0.0633834	67
RUNX1	MA0002.2	-0.157149	0.562499	0.851503	0.852338	0.0464213	67
ZEB1	MA0103.3	-0.15962	0.56346	0.872548	0.87369	0.0549684	67
INSM1	MA0155.1	-0.162356	0.56454	0.856218	0.857047	0.040057	67
NHLH2	MA1529.1	-0.173474	0.568907	0.735296	0.736319	0.0421135	67
Npas2	MA0626.1	-0.180427	0.571677	0.839271	0.840522	0.0660694	67
REST	MA0138.2	-0.192038	0.576203	0.689317	0.690243	0.0368777	67
Stat2	MA1623.1	-0.194855	0.57733	0.787795	0.789435	0.0762327	67
TFE3	MA0831.2	-0.20563	0.581525	0.850847	0.852278	0.0541596	67
RXRB	MA0855.1	-0.206004	0.581674	0.71857	0.719728	0.0447137	67
HIC2	MA0738.1	-0.210336	0.583374	0.903816	0.90489	0.0425348	67
SOX4	MA0867.2	-0.2166	0.585817	0.86211	0.863611	0.0572486	67
NR5A1	MA1540.1	-0.220631	0.587375	0.84429	0.845569	0.0436026	67
ESR2	MA0258.2	-0.231485	0.591636	0.798999	0.800151	0.0466485	67
NFYC	MA1644.1	-0.240005	0.59493	0.815826	0.817713	0.0680071	67
Nr5a2	MA0505.1	-0.247191	0.597705	0.777372	0.778761	0.0456985	67
MYF5	MA1641.1	-0.250289	0.598907	0.816831	0.818577	0.0579151	67
Rarb(var.2)	MA0858.1	-0.251637	0.599439	0.699597	0.700934	0.0466103	67
FOXK2	MA1103.2	-0.259916	0.602637	0.809107	0.811392	0.0765638	67
Nr2f6(var.2)	MA0728.1	-0.265515	0.60477	0.711464	0.713006	0.0431783	67
ASCL1(var.2)	MA1631.1	-0.266654	0.605209	0.838593	0.840361	0.0495514	67
NFIL3	MA0025.2	-0.268574	0.605968	0.768073	0.770336	0.0704789	67
Rarg(var.2)	MA0860.1	-0.288502	0.613616	0.693815	0.695376	0.0437619	67
NR2F2	MA1111.1	-0.290161	0.614252	0.820104	0.822183	0.0584709	67
Sox6	MA0515.1	-0.301058	0.618424	0.861293	0.863219	0.0538522	67
RFX2	MA0600.2	-0.303105	0.619201	0.714824	0.716721	0.051862	67
Foxj2	MA0614.1	-0.309302	0.621583	0.850207	0.852875	0.0781741	67
FOXA3	MA1683.1	-0.312141	0.622647	0.81063	0.81337	0.0742162	67
YY2	MA0748.2	-0.316406	0.624271	0.81948	0.821895	0.0654452	67
ZNF449	MA1656.1	-0.317478	0.624654	0.799063	0.800995	0.0465977	67
FOXA2	MA0047.3	-0.318438	0.625043	0.807401	0.810188	0.0752871	67
Twist2	MA0633.1	-0.323327	0.626874	0.803141	0.805608	0.0589092	67
FOXP3	MA0850.1	-0.333159	0.630631	0.906229	0.908238	0.0547531	67
Foxf1	MA1606.1	-0.334486	0.63112	0.808649	0.811742	0.0799638	67
HEY2	MA0649.1	-0.336439	0.631835	0.812424	0.814695	0.0531258	67
RORA	MA0071.1	-0.341289	0.633704	0.821225	0.823488	0.0614479	67
NFIX(var.2)	MA1528.1	-0.342664	0.63416	0.754682	0.756761	0.0427156	67
TFEB	MA0692.1	-0.343777	0.634615	0.819465	0.821723	0.0551122	67
TBX19	MA0804.1	-0.345066	0.635107	0.681226	0.682991	0.0442627	67
NR2F1(var.2)	MA1537.1	-0.356313	0.639294	0.751627	0.753464	0.0378532	67
Tcf21	MA0832.1	-0.366361	0.643067	0.735721	0.737949	0.0481962	67
PKNOX2	MA0783.1	-0.366325	0.643082	0.720682	0.723001	0.0559812	67
TGIF1	MA0796.1	-0.369575	0.6443	0.694522	0.696999	0.0605464	67
GATA4	MA0482.2	-0.383789	0.649543	0.799984	0.802708	0.0541145	67
NR1D1	MA1531.1	-0.386528	0.650574	0.771591	0.773504	0.0402521	67
GCM1	MA0646.1	-0.388222	0.651189	0.802773	0.804757	0.0393942	67
RFX5	MA0510.2	-0.38861	0.651366	0.70850900000000006	0.710932	0.0546811	67
NR2F6(var.3)	MA1539.1	-0.402046	0.656314	0.719911	0.722049	0.0445567	67
CEBPD	MA0836.2	-0.417596	0.662017	0.773804	0.776794	0.0589013	67
POU5F1B	MA0792.1	-0.420209	0.662949	0.809187	0.812863	0.0655257	67
NR4A2::RXRA	MA1147.1	-0.427824	0.665757	0.771605	0.773537	0.0378593	67
FOXO6	MA0849.1	-0.434287	0.668122	0.849841	0.853485	0.073514	67
CLOCK	MA0819.1	-0.448117	0.67311	0.805797	0.808379	0.0470446	67
TCF12(var.2)	MA1648.1	-0.450567	0.673973	0.868513	0.871576	0.0512785	67
CREB3L1	MA0839.1	-0.45984	0.677332	0.734697	0.73715	0.0435107	67
RXRB(var.2)	MA1555.1	-0.465611	0.679406	0.761362	0.763751	0.0425509	67
PPARD	MA1550.1	-0.473007	0.682045	0.750429	0.75284	0.0413456	67
IRF6	MA1509.1	-0.480207	0.684642	0.789423	0.792275	0.0531135	67
Ptf1a(var.2)	MA1619.1	-0.497581	0.690788	0.824138	0.827653	0.0615303	67
Rxra	MA0512.2	-0.500833	0.691905	0.720118	0.722924	0.0446055	67
ZNF354C	MA0130.1	-0.502301	0.69246	0.960047	0.962358	0.0410726	67
SMAD3	MA0795.1	-0.504879	0.693325	0.749721	0.752813	0.048119	67
Lhx8	MA0705.1	-0.50485	0.693354	0.859445	0.863363	0.0688175	67
SOX8	MA0868.2	-0.506216	0.693793	0.824699	0.828354	0.0563279	67
SNAI1	MA1558.1	-0.506902	0.694009	0.87207	0.875314	0.0455432	67
JUN(var.2)	MA0489.1	-0.507202	0.694196	0.797413	0.80078800000000006	0.0614868	67
NR2C2(var.2)	MA1536.1	-0.507895	0.694402	0.944796	0.947009	0.036313	67
FERD3L	MA1485.1	-0.508293	0.694538	0.767245	0.770135	0.0467965	67
ZFP57	MA1583.1	-0.515033	0.696924	0.818823	0.822293	0.0596566	67
OVOL2	MA1545.1	-0.515281	0.697076	0.783868	0.786856	0.0597195	67
RXRG(var.2)	MA1556.1	-0.530674	0.702351	0.757428	0.760278	0.0450894	67
CREB1	MA0018.4	-0.532638	0.703019	0.782486	0.786928	0.0674295	67
POU5F1	MA1115.1	-0.547979	0.708316	0.803761	0.808771	0.0748698	67
RXRG	MA0856.1	-0.551195	0.709408	0.72681	0.729869	0.0439225	67
FOXP1	MA0481.3	-0.561223	0.712866	0.8112	0.816202	0.0766597	67
E2F8	MA0865.1	-0.563668	0.713661	0.729313	0.732586	0.0444308	67
NR4A1	MA1112.2	-0.566757	0.714753	0.815336	0.819326	0.0609327	67
FOXA1	MA0148.4	-0.569269	0.715594	0.782097	0.786924	0.0709157	67
FOXI1	MA0042.2	-0.572719	0.716787	0.844298	0.849178	0.0757251	67
PAX9	MA0781.1	-0.580239	0.719361	0.719944	0.722568	0.0431247	67
GMEB2	MA0862.1	-0.582225	0.719988	0.80938	0.813104	0.0551903	67
MAFK	MA0496.3	-0.587604	0.721764	0.742136	0.745989	0.0514626	67
Rarb	MA0857.1	-0.60238	0.726703	0.68034	0.683853	0.0455221	67
FOXN3	MA1489.1	-0.604197	0.727384	0.759328	0.765425	0.0956275	67
TBP	MA0108.2	-0.606668	0.728244	0.81563	0.819899	0.0718861	67
THAP11	MA1573.1	-0.611408	0.729733	0.709545	0.713794	0.059414	67
SIX1	MA1118.1	-0.617575	0.731807	0.784593	0.788541	0.0593939	67
YY1	MA0095.2	-0.618664	0.732215	0.792288	0.796807	0.0746717	67
FOXL1	MA0033.2	-0.62036	0.732699	0.876899	0.88206	0.0728497	67
Nr2f6	MA0677.1	-0.623024	0.733518	0.741019	0.744364	0.0399145	67
NFKB2	MA0778.1	-0.624091	0.733862	0.751503	0.755761	0.0496972	67
PITX3	MA0714.1	-0.624969	0.734195	0.848801	0.853187	0.0584336	67
FOXD2	MA0847.2	-0.625468	0.734372	0.807777	0.812352	0.0630881	67
Spz1	MA0111.1	-0.626551	0.734715	0.86414	0.866532	0.0319118	67
FOXC2	MA0846.1	-0.626633	0.734751	0.812905	0.818261	0.0730624	67
TGIF2	MA0797.1	-0.627514	0.735067	0.727028	0.730896	0.0562242	67
SREBF1(var.2)	MA0829.2	-0.632354	0.736574	0.764843	0.769071	0.0495217	67
HESX1	MA0894.1	-0.63264	0.736756	0.821168	0.826882	0.0844183	67
ESR1	MA0112.3	-0.634313	0.737239	0.711757	0.715143	0.0426369	67
CREB3	MA0638.1	-0.6345	0.737293	0.756797	0.760337	0.0437174	67
Bach1::Mafk	MA0591.1	-0.644832	0.740651	0.763114	0.76653	0.0411615	67
Foxl2	MA1607.1	-0.646005	0.741084	0.769107	0.774689	0.0769576	67
MXI1	MA1108.2	-0.647052	0.741419	0.858976	0.863902	0.0672454	67
IRF7	MA0772.1	-0.647323	0.741569	0.755879	0.760339	0.0690127	67
Stat5b	MA1625.1	-0.648066	0.741708	0.784943	0.789661	0.0581066	67
ATOH1(var.2)	MA1467.1	-0.654758	0.743873	0.826189	0.83003	0.0474916	67
IRF4	MA1419.1	-0.65631	0.744419	0.696878	0.700638	0.0518879	67
PPARA::RXRA	MA1148.1	-0.657298	0.744673	0.75626	0.759183	0.0341765	67
ESRRA	MA0592.3	-0.659481	0.745384	0.771858	0.776198	0.0520395	67
MAF	MA1520.1	-0.66398	0.7468	0.747338	0.750653	0.0363633	67
CENPB	MA0637.1	-0.664211	0.746929	0.779714	0.78272	0.0386066	67
GATA2	MA0036.3	-0.667081	0.747799	0.813382	0.818733	0.0599264	67
Znf423	MA0116.1	-0.674734	0.750304	0.822653	0.826226	0.0470483	67
MLXIPL	MA0664.1	-0.677615	0.751167	0.790629	0.795318	0.0538684	67
FOXF2	MA0030.1	-0.677823	0.751279	0.770893	0.775928	0.0650516	67
MAFF	MA0495.3	-0.681857	0.752536	0.739324	0.743798	0.0547721	67
POU2F1	MA0785.1	-0.693394	0.756139	0.774498	0.780451	0.0654845	67
BACH1	MA1633.1	-0.707277	0.760501	0.762296	0.766999	0.0545333	67
CREM	MA0609.2	-0.709578	0.761171	0.721886	0.727025	0.0522799	67
FOSB::JUN	MA1127.1	-0.709935	0.761316	0.748371	0.753617	0.0591101	67
BHLHA15(var.2)	MA1472.1	-0.725066	0.765998	0.870333	0.87435	0.0458136	67
Nr2e3	MA0164.1	-0.725535	0.766139	0.823902	0.830206	0.0714212	67
DBP	MA0639.1	-0.731422	0.767934	0.775963	0.78137	0.0596259	67
BACH2	MA1101.2	-0.735908	0.769356	0.705003	0.709513	0.0560217	67
JDP2(var.2)	MA0656.1	-0.753113	0.774504	0.73284	0.738511	0.0604386	67
TCF3	MA0522.3	-0.765429	0.778163	0.866565	0.871721	0.0503717	67
FOXC1	MA0032.2	-0.773919	0.780745	0.818708	0.825264	0.0741794	67
Foxj3	MA0851.1	-0.777389	0.781765	0.773655	0.779994	0.0705346	67
MSC	MA0665.1	-0.791333	0.78584	0.803742	0.808316	0.0481741	67
XBP1	MA0844.1	-0.794272	0.786671	0.749886	0.754141	0.0418579	67
TP63	MA0525.2	-0.799237	0.78810500000000006	0.692741	0.696725	0.038099	67
PAX1	MA0779.1	-0.811139	0.791629	0.745078	0.74848	0.0392558	67
TBX20	MA0689.1	-0.815155	0.792669	0.795563	0.800256	0.041244	67
Zic1::Zic2	MA1628.1	-0.833252	0.797835	0.864007	0.869542	0.0510275	67
CEBPA	MA0102.4	-0.834306	0.798166	0.756781	0.762792	0.0602613	67
FOXO3	MA0157.2	-0.836836	0.798916	0.816361	0.823193	0.0741202	67
NKX2-2	MA1645.1	-0.837693	0.799089	0.808114	0.813013	0.0454212	67
IRF1	MA0050.2	-0.838845	0.79944	0.740281	0.746391	0.0605802	67
HES5	MA0821.1	-0.84706	0.801745	0.74278	0.748255	0.0547235	67
FOXH1	MA0479.1	-0.84902	0.802326	0.814204	0.8201	0.0631591	67
IRF8	MA0652.1	-0.85711	0.804557	0.711086	0.716154	0.0524649	67
ATF4	MA0833.2	-0.872767	0.808921	0.756847	0.762907	0.0693186	67
MEF2D	MA0773.1	-0.877141	0.810036	0.748608	0.756895	0.0822336	67
TEF	MA0843.1	-0.882673	0.811518	0.764103	0.770451	0.0602918	67
IKZF1	MA1508.1	-0.889419	0.813401	0.825466	0.831165	0.0611665	67
GBX1	MA0889.1	-0.906597	0.817977	0.809986	0.817305	0.0764075	67
PROX1	MA0794.1	-0.919285	0.821312	0.75392	0.758873	0.0507789	67
FOSL2::JUNB(var.2)	MA1139.1	-0.921803	0.821902	0.741522	0.74857	0.062807	67
UNCX	MA0721.1	-0.925389	0.822903	0.846988	0.855265	0.0842399	67
Prdm15	MA1616.1	-0.9295	0.823998	0.769499	0.774667	0.054889	67
GATA3	MA0037.3	-0.930701	0.824178	0.85547	0.862595	0.0574429	67
HES7	MA0822.1	-0.932709	0.824748	0.72414	0.730391	0.0570773	67
TFAP4(var.2)	MA1570.1	-0.934289	0.82512	0.855475	0.860875	0.0451918	67
NEUROG1	MA0623.2	-0.942952	0.827372	0.786124	0.792074	0.0526188	67
RFX4	MA0799.1	-0.943924	0.827624	0.760236	0.7656	0.0477696	67
Ptf1a(var.3)	MA1620.1	-0.958669	0.831381	0.826801	0.833191	0.0579269	67
NR3C2	MA0727.1	-0.960408	0.831829	0.715691	0.7212	0.0508622	67
RHOXF1	MA0719.1	-0.962918	0.832466	0.942572	0.946755	0.0390058	67
Smad2::Smad3	MA1622.1	-0.963067	0.832494	0.78258	0.790122	0.069107	67
FOS::JUN	MA0099.3	-0.968083	0.83374	0.804165	0.810925	0.0604172	67
SCRT2	MA0744.2	-0.971959	0.834632	0.757182	0.762723	0.040861	67
RAX2	MA0717.1	-0.980512	0.83687	0.850733	0.859182	0.0811713	67
VENTX	MA0724.1	-0.980734	0.83691	0.813734	0.821439	0.0721351	67
ZNF384	MA1125.1	-0.982032	0.83721	0.787914	0.801516	0.122385	67
Esrrg	MA0643.1	-0.985329	0.837944	0.811633	0.81775	0.0456093	67
Six3	MA0631.1	-0.987655	0.838531	0.72423	0.729997	0.0448756	67
HOXB7	MA1501.1	-0.987988	0.838627	0.829583	0.835693	0.0492911	67
NR3C1	MA0113.3	-0.992324	0.83975	0.719047	0.724725	0.0523134	67
ELK4	MA0076.2	-0.993992	0.840061	0.846215	0.852902	0.0492953	67
MIXL1	MA0662.1	-0.993848	0.840139	0.849751	0.85787	0.07713	67
Msx3	MA0709.1	-0.994426	0.84027	0.835842	0.845244	0.0876981	67
CEBPG(var.2)	MA1636.1	-0.994503	0.840319	0.754221	0.761107	0.067722	67
ZBTB26	MA1579.1	-0.995242	0.840436	0.81992	0.826646	0.0588685	67
RXRA::VDR	MA0074.1	-0.99702	0.84081	0.751209	0.755991	0.0364155	67
DLX5	MA1476.1	-0.997243	0.840944	0.822822	0.833255	0.0951816	67
ETV6	MA0645.1	-0.997597	0.840965	0.844828	0.851358	0.0517042	67
MAF::NFE2	MA0501.1	-1.00441	0.842652	0.73933	0.745182	0.0504326	67
NR2F1(var.3)	MA1538.1	-1.00593	0.842978	0.731497	0.736735	0.0411589	67
ZNF317	MA1593.1	-1.01348	0.844738	0.789756	0.796164	0.0435186	67
FOSL2::JUND	MA1144.1	-1.01879	0.84611	0.793673	0.801056	0.0652664	67
GBX2	MA0890.1	-1.02165	0.846811	0.822675	0.831573	0.0819124	67
BATF3	MA0835.2	-1.02245	0.846944	0.781282	0.78925	0.0653274	67
DPRX	MA1480.1	-1.0246	0.847412	0.797725	0.804567	0.0510301	67
ISL2	MA0914.1	-1.02418	0.847414	0.859142	0.865869	0.0622863	67
ZSCAN29	MA1602.1	-1.02629	0.847811	0.77887	0.784442	0.0413065	67
NFYB	MA0502.2	-1.02788	0.848256	0.795951	0.803189	0.063199	67
POU2F3	MA0627.2	-1.03107	0.848926	0.759387	0.768735	0.0675047	67
ETV4	MA0764.2	-1.03315	0.84943	0.875874	0.883767	0.0596623	67
Alx4	MA0853.1	-1.0331	0.849476	0.733554	0.74091	0.06326	67
JUN::JUNB(var.2)	MA1133.1	-1.03606	0.850128	0.763293	0.770415	0.056168	67
DRGX	MA1481.1	-1.03794	0.850617	0.849903	0.859175	0.0811809	67
BATF::JUN	MA0462.2	-1.03954	0.85095	0.781454	0.789704	0.0665031	67
PPARG	MA0066.1	-1.03925	0.850971	0.736647	0.740964	0.0411939	67
Creb5	MA0840.1	-1.04325	0.851799	0.748367	0.756349	0.0623291	67
ATF6	MA1466.1	-1.05609	0.854744	0.729896	0.735722	0.0441122	67
SOX18	MA1563.1	-1.06193	0.856105	0.915199	0.919466	0.0346912	67
POU3F4	MA0789.1	-1.06539	0.856842	0.778501	0.788443	0.0720301	67
ZKSCAN1	MA1585.1	-1.06657	0.857155	0.784139	0.790744	0.0532221	67
OTX2	MA0712.2	-1.06982	0.857915	0.814957	0.823168	0.0697008	67
Rbpjl	MA1621.1	-1.07093	0.85812600000000006	0.824463	0.831368	0.0539094	67
JUN::JUNB	MA1132.1	-1.07192	0.858288	0.811128	0.817917	0.0454468	67
NR1D2	MA1532.1	-1.07267	0.858508	0.796277	0.800923	0.0356216	67
E2F3	MA0469.3	-1.07344	0.858751	0.687655	0.69333	0.0500978	67
ATF3	MA0605.2	-1.08235	0.860644	0.729214	0.737623	0.0600942	67
FOSL2::JUN	MA1130.1	-1.08637	0.86158	0.798199	0.805799	0.0602597	67
ZBTB7A	MA0750.2	-1.08712	0.861673	0.822214	0.829929	0.0506109	67
SRY	MA0084.1	-1.08661	0.861681	0.866253	0.874533	0.0720302	67
NFE2L1	MA0089.2	-1.08887	0.862101	0.731023	0.737551	0.0480474	67
MEF2B	MA0660.1	-1.08933	0.862238	0.737336	0.747181	0.0783866	67
Mafb	MA0117.2	-1.09076	0.862537	0.806558	0.812943	0.0490851	67
ZNF16	MA1654.1	-1.09389	0.863226	0.695788	0.700343	0.0350744	67
BATF	MA1634.1	-1.10121	0.864822	0.782532	0.791318	0.0668766	67
POU1F1	MA0784.1	-1.12098	0.869084	0.723698	0.733381	0.0737107	67
NR1H2::RXRA	MA0115.1	-1.12603	0.870094	0.668077	0.674225	0.0398124	67
ELF3	MA0640.2	-1.12723	0.870342	0.813025	0.820002	0.0442778	67
RELA	MA0107.1	-1.12891	0.870732	0.818821	0.826197	0.051855	67
RAX	MA0718.1	-1.12946	0.870974	0.827147	0.837121	0.0893728	67
ISX	MA0654.1	-1.13334	0.871747	0.830365	0.841417	0.0920549	67
HES6	MA1493.1	-1.13599	0.872186	0.794979	0.801229	0.0398395	67
PRRX2	MA0075.3	-1.13661	0.872416	0.80193	0.8135	0.0931363	67
IRF9	MA0653.1	-1.13815	0.872704	0.682518	0.68948	0.0523075	67
Atf1	MA0604.1	-1.14011	0.873078	0.831462	0.839285	0.0540864	67
SMAD2::SMAD3::SMAD4	MA0513.1	-1.14335	0.873729	0.799988	0.806328	0.0411028	67
MSANTD3	MA1523.1	-1.14369	0.873819	0.84155	0.848171	0.0452701	67
TBX3	MA1566.1	-1.14884	0.874936	0.87649	0.881918	0.0416877	67
GCM2	MA0767.1	-1.15528	0.876221	0.829217	0.835222	0.0421593	67
TBX4	MA0806.1	-1.15717	0.876584	0.855525	0.862423	0.0456173	67
TBX1	MA0805.1	-1.1599	0.877139	0.825022	0.833	0.0523797	67
NRL	MA0842.2	-1.16148	0.877521	0.772295	0.779201	0.0523593	67
E2F7	MA0758.1	-1.16362	0.877877	0.684348	0.69133	0.0435549	67
Hmx3	MA0898.1	-1.16636	0.87851	0.726043	0.733844	0.0590325	67
HSF4	MA0771.1	-1.16708	0.878606	0.775062	0.781862	0.0458484	67
FOSL2::JUN(var.2)	MA1131.1	-1.16727	0.878685	0.769138	0.777587	0.0624877	67
MAFG	MA0659.2	-1.16851	0.8789	0.741806	0.749157	0.0500625	67
FOSL1	MA0477.2	-1.17503	0.880245	0.772637	0.78171	0.0669131	67
HSF1	MA0486.2	-1.17693	0.880581	0.730733	0.738534	0.0518436	67
FOSB::JUNB	MA1135.1	-1.17964	0.881184	0.796188	0.80477	0.0658197	67
PBX1	MA0070.1	-1.18318	0.881887	0.776832	0.784579	0.0593713	67
FOXE1	MA1487.1	-1.18901	0.882979	0.766146	0.774922	0.0585029	67
LHX1	MA1518.1	-1.18949	0.883124	0.877355	0.885667	0.0621378	67
Rarg	MA0859.1	-1.19429	0.88396	0.696565	0.703576	0.0393282	67
NFE2	MA0841.1	-1.20905	0.886872	0.747522	0.756022	0.0555895	67
NFATC2	MA0152.1	-1.20893	0.886908	0.895194	0.903213	0.0598912	67
NFIC::TLX1	MA0119.1	-1.21222	0.887446	0.731358	0.738771	0.0440128	67
HOXA1	MA1495.1	-1.21529	0.88813	0.860011	0.869061	0.0678531	67
NR1H4::RXRA	MA1146.1	-1.21751	0.888513	0.752243	0.757709	0.0376212	67
FOSL1::JUNB	MA1137.1	-1.21859	0.888742	0.788721	0.796883	0.0591404	67
Dux	MA0611.1	-1.22121	0.889173	0.836677	0.847694	0.0678786	67
Hand1::Tcf3	MA0092.1	-1.22537	0.890011	0.874894	0.880692	0.0407871	67
TBX5	MA0807.1	-1.22844	0.890531	0.86504	0.87192	0.0417028	67
LHX5	MA1519.1	-1.23821	0.892441	0.818335	0.830107	0.087525	67
FOXD1	MA0031.1	-1.24	0.89275	0.823908	0.834363	0.0743047	67
BACH2(var.2)	MA1470.1	-1.24398	0.893484	0.688146	0.694831	0.0474523	67
Hic1	MA0739.1	-1.24558	0.893749	0.857852	0.864458	0.0438117	67
SPDEF	MA0686.1	-1.24947	0.894473	0.794474	0.801715	0.0491668	67
GATA6	MA1104.2	-1.25489	0.895467	0.76906	0.778888	0.0676086	67
FOS::JUNB	MA1134.1	-1.2566	0.895791	0.780982	0.789905	0.0631004	67
Lhx4	MA0704.1	-1.25858	0.896197	0.841197	0.85153	0.0801308	67
ZBED1	MA0749.1	-1.2641	0.897073	0.693975	0.700738	0.0398828	67
ESX1	MA0644.1	-1.2677	0.89785	0.834111	0.844224	0.0798377	67
FOXG1	MA0613.1	-1.27486	0.899053	0.813579	0.825753	0.0838691	67
Hmx1	MA0896.1	-1.28032	0.900056	0.750472	0.758219	0.0576891	67
MSX1	MA0666.1	-1.28084	0.900132	0.851318	0.861427	0.0728796	67
FOSL2::JUNB	MA1138.1	-1.2829	0.900482	0.790037	0.799716	0.068224	67
FOSL1::JUN	MA1128.1	-1.28751	0.901259	0.790347	0.799226	0.0588087	67
Shox2	MA0720.1	-1.29234	0.90216	0.839228	0.85139	0.0910117	67
SOX2	MA0143.4	-1.29415	0.902397	0.813558	0.823216	0.0615438	67
GATA1	MA0035.4	-1.29552	0.902576	0.797947	0.807908	0.0536822	67
NFAT5	MA0606.1	-1.29519	0.902657	0.862864	0.871135	0.0624261	67
POU2F2	MA0507.1	-1.29987	0.903328	0.768449	0.779783	0.0618307	67
LBX2	MA0699.1	-1.30163	0.903752	0.836905	0.846595	0.071518	67
CEBPG	MA0838.1	-1.30366	0.904043	0.767209	0.775369	0.0536396	67
Crx	MA0467.1	-1.30453	0.904202	0.810192	0.817748	0.0509241	67
TCF21(var.2)	MA1568.1	-1.30544	0.904309	0.8043	0.810428	0.0365403	67
FOS	MA0476.1	-1.30744	0.904702	0.809717	0.81946	0.0662956	67
MYBL2	MA0777.1	-1.31491	0.905961	0.704968	0.71184	0.0462723	67
LEF1	MA0768.1	-1.31661	0.906231	0.736346	0.744781	0.054819	67
TBX15	MA0803.1	-1.3181	0.906413	0.826055	0.834836	0.0470887	67
MEF2A	MA0052.4	-1.31937	0.906681	0.753534	0.766248	0.0799983	67
ATOH7	MA1468.1	-1.32254	0.907161	0.8433	0.84984	0.0358389	67
PAX3(var.2)	MA1546.1	-1.32481	0.907669	0.742971	0.749015	0.0451402	67
FOSL2::JUND(var.2)	MA1145.1	-1.32563	0.907722	0.747189	0.756443	0.0580756	67
RFX1	MA0509.2	-1.32755	0.908065	0.765253	0.773599	0.0553671	67
TGIF2LX	MA1571.1	-1.33168	0.908717	0.741649	0.749191	0.0467396	67
NEUROD2	MA0668.1	-1.33885	0.909887	0.843689	0.849938	0.0383444	67
Sox17	MA0078.1	-1.33887	0.909903	0.865776	0.875054	0.0588614	67
TGIF2LY	MA1572.1	-1.3419	0.910399	0.748768	0.756281	0.047865	67
LHX6	MA0658.1	-1.34314	0.91065	0.79698	0.80722	0.0725444	67
HOXC8	MA1505.1	-1.34359	0.91071	0.862344	0.871986	0.0666735	67
MGA	MA0801.1	-1.35084	0.911816	0.848349	0.856725	0.0500105	67
ELF5	MA0136.2	-1.35082	0.911852	0.856966	0.864397	0.0489908	67
TBX18	MA1565.1	-1.35331	0.912243	0.808066	0.815464	0.0477924	67
IRF2	MA0051.1	-1.35547	0.912569	0.745308	0.753151	0.0484039	67
JUND	MA0491.2	-1.36682	0.914379	0.759967	0.770631	0.0684079	67
DMRTC2	MA1479.1	-1.37049	0.914958	0.765466	0.774699	0.0597699	67
ETS2	MA1484.1	-1.37238	0.91519	0.839693	0.848397	0.047869	67
RFX3	MA0798.2	-1.37212	0.915211	0.764545	0.773022	0.0547994	67
HOXD13	MA0909.2	-1.37341	0.915409	0.801077	0.809276	0.0526491	67
BHLHE22	MA0818.1	-1.37519	0.91564	0.78448	0.793098	0.0492366	67
GATA5	MA0766.2	-1.37704	0.915917	0.836796	0.846353	0.0531416	67
NKX2-3	MA0672.1	-1.38015	0.916431	0.854876	0.862678	0.0476336	67
STAT1::STAT2	MA0517.1	-1.38092	0.916576	0.77279	0.78214	0.0607921	67
FOS::JUND	MA1141.1	-1.38185	0.9167	0.781568	0.791116	0.0592872	67
TLX2	MA1577.1	-1.38429	0.917123	0.827223	0.842124	0.102701	67
RUNX2	MA0511.2	-1.39467	0.918695	0.82259	0.830783	0.0557202	67
NFKB1	MA0105.4	-1.39751	0.918997	0.712685	0.722064	0.0449313	67
EN2	MA0642.1	-1.40433	0.92014	0.855771	0.86434	0.0577594	67
MEOX1	MA0661.1	-1.40494	0.920222	0.824842	0.835225	0.0686396	67
Dmbx1	MA0883.1	-1.40583	0.92035	0.776192	0.784689	0.0558684	67
JUNB(var.2)	MA1140.2	-1.40844	0.92068	0.708928	0.719098	0.0580296	67
TCF7L2	MA0523.1	-1.41357	0.921421	0.804519	0.81315	0.0471335	67
IRF5	MA1420.1	-1.41597	0.921805	0.739337	0.74655	0.0429507	67
JUN	MA0488.1	-1.41627	0.921865	0.785058	0.794577	0.0590105	67
JDP2	MA0655.1	-1.4167	0.921917	0.758924	0.769973	0.0666833	67
POU3F1	MA0786.1	-1.41841	0.922137	0.763843	0.776844	0.0722741	67
ATF2	MA1632.1	-1.41938	0.922297	0.76876	0.77972	0.064168	67
BHLHE23	MA0817.1	-1.42151	0.9226	0.750969	0.760671	0.0557323	67
JUNB	MA0490.2	-1.42189	0.922683	0.755836	0.767068	0.0691194	67
Hmx2	MA0897.1	-1.42295	0.922847	0.726515	0.735962	0.0597579	67
FOXB1	MA0845.1	-1.42525	0.923158	0.783805	0.796028	0.0732635	67
Nr1h3::Rxra	MA0494.1	-1.42745	0.923484	0.787739	0.793816	0.0371887	67
ZNF382	MA1594.1	-1.43754	0.924876	0.67459	0.680435	0.0308416	67
EN1	MA0027.2	-1.44009	0.925348	0.853893	0.86567	0.0815454	67
JUND(var.2)	MA0492.1	-1.44159	0.925492	0.785343	0.794849	0.0566529	67
NFIC	MA0161.2	-1.45521	0.927369	0.823341	0.833577	0.0565607	67
POU3F2	MA0787.1	-1.45793	0.927744	0.754224	0.767246	0.0719879	67
GRHL1	MA0647.1	-1.46031	0.928045	0.739254	0.748851	0.0485423	67
GSX2	MA0893.2	-1.46289	0.928476	0.882133	0.892	0.0619261	67
Nobox	MA0125.1	-1.47213	0.929753	0.845275	0.856964	0.0766198	67
FOSL1::JUN(var.2)	MA1129.1	-1.47323	0.929818	0.754471	0.765238	0.0571924	67
ETV2	MA0762.1	-1.47883	0.930606	0.79611	0.805106	0.0526468	67
RARA	MA0729.1	-1.48669	0.931584	0.686674	0.694408	0.0369033	67
PRRX1	MA0716.1	-1.48785	0.93185	0.835903	0.850064	0.0920067	67
NR1I3	MA1534.1	-1.49483	0.932674	0.831413	0.841076	0.0495665	67
Alx1	MA0854.1	-1.49903	0.933278	0.731701	0.743078	0.0684398	67
SOX13	MA1120.1	-1.50524	0.93405	0.817513	0.829006	0.0639497	67
Isl1	MA1608.1	-1.50617	0.934207	0.806165	0.81737	0.0685969	67
ETV5	MA0765.2	-1.5091	0.934518	0.842898	0.853063	0.0521174	67
HOXB6	MA1500.1	-1.52269	0.936315	0.877955	0.887805	0.0619728	67
ZNF410	MA0752.1	-1.52318	0.93634	0.669943	0.678758	0.0507977	67
OLIG1	MA0826.1	-1.52365	0.93636	0.763663	0.773932	0.0531174	67
ZNF75D	MA1601.1	-1.5288	0.936957	0.827298	0.837522	0.0445862	67
TEAD3	MA0808.1	-1.53354	0.937587	0.860017	0.870246	0.0527373	67
HOXB13	MA0901.2	-1.53437	0.937712	0.753016	0.767805	0.0818452	67
SHOX	MA0630.1	-1.54122	0.938602	0.843058	0.857587	0.0913142	67
MSX2	MA0708.1	-1.54657	0.93924	0.825663	0.839384	0.08406	67
MYF6	MA0667.1	-1.55061	0.939705	0.780424	0.790362	0.0579495	67
POU3F3	MA0788.1	-1.55122	0.939739	0.747743	0.761638	0.0727141	67
NEUROG2	MA0669.1	-1.56565	0.94148	0.78316	0.792675	0.0543162	67
OLIG2	MA0678.1	-1.56697	0.941613	0.783252	0.793193	0.0534986	67
DMRTA2	MA1478.1	-1.56767	0.941708	0.794882	0.804898	0.0559195	67
PDX1	MA0132.2	-1.57015	0.942036	0.846325	0.861063	0.0903406	67
HOXC13	MA0907.1	-1.5726	0.942256	0.766296	0.777553	0.0583143	67
FOS::JUN(var.2)	MA1126.1	-1.57764	0.942838	0.73891	0.74861	0.0503978	67
TCF7	MA0769.2	-1.58358	0.943493	0.813379	0.825329	0.0568877	67
RARB(var.3)	MA1552.1	-1.59538	0.94484	0.746785	0.754601	0.0393457	67
Smad4	MA1153.1	-1.59602	0.944878	0.844452	0.855839	0.0506615	67
Nfe2l2	MA0150.2	-1.59807	0.945138	0.737753	0.746756	0.0449153	67
HOXA2	MA0900.2	-1.60122	0.945539	0.818246	0.833052	0.0856992	67
POU6F1(var.2)	MA1549.1	-1.60166	0.945596	0.822363	0.833784	0.0674229	67
Dlx2	MA0885.1	-1.60232	0.945669	0.84462	0.860045	0.0911241	67
ALX3	MA0634.1	-1.61456	0.946983	0.819282	0.8326	0.0736366	67
BARX1	MA0875.1	-1.63465	0.949148	0.865559	0.879305	0.0804965	67
Atoh1	MA0461.2	-1.63783	0.949416	0.813718	0.823517	0.0474162	67
HOXA5	MA0158.2	-1.63981	0.949657	0.851662	0.863656	0.0650099	67
Stat5a::Stat5b	MA0519.1	-1.64051	0.949721	0.836823	0.847036	0.0538939	67
ATF7	MA0834.1	-1.64182	0.949824	0.715675	0.727749	0.0571448	67
ELF1	MA0473.3	-1.65342	0.950974	0.796588	0.80716	0.0415823	67
ELF2	MA1483.1	-1.66299	0.951997	0.779432	0.790052	0.0531907	67
SCRT1	MA0743.2	-1.66393	0.95205	0.749441	0.759067	0.0411865	67
SPIC	MA0687.1	-1.67107	0.952809	0.794579	0.803793	0.0474285	67
RARG(var.3)	MA1553.1	-1.67128	0.952834	0.732916	0.741353	0.0439885	67
HSF2	MA0770.1	-1.67893	0.953562	0.740939	0.751853	0.0527328	67
ZBTB18	MA0698.1	-1.68039	0.953686	0.78324800000000006	0.793457	0.046196	67
NOTO	MA0710.1	-1.68424	0.954136	0.83615	0.8494	0.076339	67
Dlx4	MA0881.1	-1.68459	0.954157	0.857251	0.871196	0.0775121	67
HOXA6	MA1497.1	-1.69	0.954671	0.836514	0.84754	0.0604224	67
Dmrt1	MA1603.1	-1.70214	0.9558	0.744502	0.75671600000000006	0.0629846	67
NFIC(var.2)	MA1527.1	-1.70336	0.955848	0.732766	0.743314	0.0419317	67
HOXD12	MA0873.1	-1.70462	0.956013	0.772294	0.783365	0.053866	67
BCL6B	MA0731.1	-1.70492	0.956066	0.658139	0.667536	0.0493855	67
NR6A1	MA1541.1	-1.7068	0.956169	0.739405	0.748165	0.0347725	67
HOXB5	MA0904.2	-1.7088699999999999	0.956447	0.840225	0.853491	0.0725024	67
Arx	MA0874.1	-1.71009	0.956571	0.720857	0.733105	0.0689567	67
Sox11	MA0869.1	-1.71504	0.956979	0.644091	0.656775	0.0620831	67
DLX6	MA0882.1	-1.71642	0.957142	0.854593	0.869207	0.0798979	67
LHX9	MA0701.2	-1.72139	0.957602	0.815134	0.830304	0.0847134	67
EMX1	MA0612.2	-1.72498	0.957925	0.819157	0.834392	0.0845736	67
TBX6	MA1567.1	-1.73488	0.958749	0.844642	0.85378	0.0418657	67
ARGFX	MA1463.1	-1.74042	0.959281	0.757634	0.775068	0.0924821	67
BSX	MA0876.1	-1.74886	0.960022	0.872084	0.886044	0.0754796	67
HOXC12	MA0906.1	-1.74964	0.960047	0.763295	0.775166	0.0560309	67
CEBPB	MA0466.2	-1.75074	0.960154	0.800776	0.811598	0.0531929	67
BCL6	MA0463.2	-1.75166	0.96024	0.729623	0.738985	0.0471487	67
LHX2	MA0700.2	-1.75472	0.960516	0.786023	0.802205	0.084958	67
CEBPE	MA0837.1	-1.76081	0.961012	0.80896	0.819648	0.0522627	67
TEAD2	MA1121.1	-1.77432	0.962134	0.790652	0.802032	0.0539374	67
LMX1A	MA0702.2	-1.77451	0.962176	0.778885	0.797493	0.0963613	67
NFIA	MA0670.1	-1.77953	0.962517	0.829768	0.843625	0.0537047	67
TCF7L1	MA1421.1	-1.79567	0.963868	0.755981	0.767411	0.0548646	67
MEF2C	MA0497.1	-1.7969	0.963956	0.788538	0.802844	0.066028	67
Stat6	MA0520.1	-1.8018	0.964314	0.797304	0.809161	0.0483092	67
Ddit3::Cebpa	MA0019.1	-1.80801	0.96483	0.816443	0.826143	0.0451122	67
Dlx3	MA0880.1	-1.81197	0.965171	0.853993	0.869648	0.0814797	67
NKX6-1	MA0674.1	-1.81405	0.965325	0.848437	0.863258	0.075827	67
OLIG3	MA0827.1	-1.81739	0.96556	0.808645	0.819075	0.0497035	67
STAT3	MA0144.2	-1.81775	0.965589	0.846626	0.857659	0.0527648	67
MEOX2	MA0706.1	-1.81773	0.965596	0.827611	0.841309	0.0675106	67
FOSB::JUNB(var.2)	MA1136.1	-1.81824	0.965608	0.767406	0.780211	0.0571853	67
GSX1	MA0892.1	-1.81918	0.965734	0.853175	0.865483	0.0660632	67
STAT1	MA0137.3	-1.81983	0.965751	0.813466	0.82571	0.0592186	67
LIN54	MA0619.1	-1.8222	0.965908	0.830074	0.848971	0.0836228	67
ELK1	MA0028.2	-1.83153	0.966598	0.791919	0.805366	0.0566774	67
NKX2-8	MA0673.1	-1.83441	0.966844	0.886088	0.895011	0.0427139	67
EHF	MA0598.3	-1.8365	0.966962	0.791456	0.803084	0.0480467	67
Nr2e1	MA0676.1	-1.83902	0.967147	0.821618	0.834504	0.052743	67
PITX1	MA0682.2	-1.84015	0.967263	0.83331	0.848458	0.0715996	67
IRF3	MA1418.1	-1.86025	0.968684	0.694423	0.705022	0.0447527	67
HOXD4	MA1507.1	-1.86008	0.968714	0.858643	0.8751	0.0819777	67
LMX1B	MA0703.2	-1.86836	0.969297	0.724971	0.746153	0.106373	67
HOXB2	MA0902.2	-1.87029	0.969431	0.858848	0.873685	0.0746205	67
HOXD10	MA1506.1	-1.87479	0.969707	0.761928	0.774477	0.0552291	67
HOXB8	MA1502.1	-1.8835	0.97033	0.85171	0.866955	0.0750592	67
FOSL1::JUND	MA1142.1	-1.88713	0.970553	0.820477	0.832877	0.0563053	67
HOXB3	MA0903.1	-1.88975	0.970761	0.855537	0.870484	0.0762518	67
VSX1	MA0725.1	-1.90221	0.971572	0.817958	0.836006	0.0884601	67
HOXA7	MA1498.1	-1.91448	0.972365	0.860535	0.874915	0.07075	67
Arid5a	MA0602.1	-1.91952	0.972657	0.764423	0.781936	0.0772223	67
NFIB	MA1643.1	-1.9254	0.972984	0.700852	0.711735	0.03814	67
HOXC4	MA1504.1	-1.92592	0.97308	0.865975	0.882558	0.0796437	67
PITX2	MA1547.1	-1.92691	0.973136	0.832341	0.849285	0.0796966	67
NKX2-5	MA0063.2	-1.92844	0.973219	0.820505	0.833775	0.0592769	67
Mecom	MA0029.1	-1.93355	0.973503	0.735821	0.749394	0.0518722	67
MSGN1	MA1524.1	-1.93576	0.973669	0.829249	0.840896	0.051826	67
HOXA4	MA1496.1	-1.95421	0.974771	0.883248	0.895059	0.0509731	67
CUX2	MA0755.1	-1.95492	0.974804	0.743295	0.75931	0.0660707	67
VSX2	MA0726.1	-1.96752	0.975574	0.801503	0.820343	0.0908603	67
TFCP2	MA0145.3	-1.97237	0.975814	0.791582	0.802875	0.0460428	67
Stat4	MA0518.1	-1.97222	0.975829	0.820824	0.832738	0.0543361	67
POU6F2	MA0793.1	-1.97517	0.97599	0.783422	0.799538	0.0713213	67
HOXD3	MA0912.2	-1.9757	0.976034	0.802206	0.818275	0.075417	67
HAND2	MA1638.1	-1.98312	0.976383	0.849739	0.863946	0.0454185	67
HOXD8	MA0910.2	-1.98282	0.97643	0.846732	0.862371	0.0721269	67
ERF	MA0760.1	-1.98824	0.97669	0.819078	0.83128	0.0458887	67
EMX2	MA0886.1	-1.99007	0.976849	0.807163	0.82385	0.0824119	67
MNX1	MA0707.1	-1.99667	0.977205	0.841876	0.857582	0.0760723	67
PAX6	MA0069.1	-2.00534	0.977625	0.758384	0.767996	0.0375998	67
PHOX2B	MA0681.2	-2.0189	0.978355	0.680879	0.70334	0.096105	67
CUX1	MA0754.1	-2.0243	0.978626	0.757325	0.774403	0.0697808	67
NEUROG2(var.2)	MA1642.1	-2.02929	0.978849	0.819442	0.832284	0.0427326	67
Foxq1	MA0040.1	-2.03068	0.97895	0.788668	0.805412	0.0680835	67
OTX1	MA0711.1	-2.03061	0.978971	0.843782	0.858537	0.0673359	67
NEUROD1	MA1109.1	-2.03383	0.979098	0.81176	0.824118	0.0470694	67
ETS1	MA0098.3	-2.04108	0.979457	0.833439	0.846278	0.0479411	67
ESRRB	MA0141.3	-2.04636	0.979726	0.757694	0.771515	0.0542519	67
NFIX	MA0671.1	-2.04986	0.97991	0.92122	0.93025	0.0380454	67
Sox1	MA0870.1	-2.05153	0.979996	0.677921	0.692287	0.061723600000000003	67
HOXA13	MA0650.2	-2.05454	0.980135	0.778283	0.792936	0.060784	67
RORC	MA1151.1	-2.05611	0.980184	0.820495	0.831566	0.0390849	67
Stat5a	MA1624.1	-2.05701	0.980244	0.789494	0.804115	0.0574376	67
DUX4	MA0468.1	-2.05932	0.980355	0.783848	0.799608	0.0620587	67
GABPA	MA0062.3	-2.06997	0.980828	0.793231	0.806282	0.0411411	67
Lhx3	MA0135.1	-2.07609	0.981154	0.758335	0.777149	0.0790359	67
NKX6-2	MA0675.1	-2.07667	0.981197	0.851579	0.869819	0.0826167	67
ELF4	MA0641.1	-2.08669	0.981629	0.766499	0.779983	0.0537392	67
SOX9	MA0077.1	-2.10283	0.982361	0.830252	0.843883	0.0590828	67
HOXD9	MA0913.2	-2.1036	0.982391	0.796153	0.814017	0.0758821	67
DUXA	MA0884.1	-2.10579	0.982479	0.769542	0.785032	0.063333	67
ELK3	MA0759.1	-2.10744	0.982538	0.813317	0.827514	0.0538761	67
VDR	MA0693.2	-2.11901	0.98301	0.863454	0.876937	0.0431561	67
PHOX2A	MA0713.1	-2.12209	0.983172	0.751852	0.77139	0.0790017	67
ETV3	MA0763.1	-2.12858	0.983423	0.823321	0.835857	0.0446338	67
GSC	MA0648.1	-2.12847	0.983439	0.817663	0.833033	0.0626304	67
VAX2	MA0723.1	-2.13631	0.983779	0.839697	0.856277	0.0742567	67
HOXB4	MA1499.1	-2.1423	0.98401	0.835838	0.85515	0.0819996	67
FEV	MA0156.2	-2.14709	0.984179	0.826952	0.840666	0.0505124	67
RUNX3	MA0684.2	-2.14709	0.984199	0.809088	0.823821	0.0616065	67
NR1H4	MA1110.1	-2.1542	0.984445	0.781637	0.795691	0.0463058	67
HOXC9	MA0485.2	-2.15823	0.984616	0.763073	0.779078	0.0588881	67
FLI1	MA0475.2	-2.16477	0.984863	0.815116	0.82927	0.0501336	67
RORB	MA1150.1	-2.17489	0.985245	0.81366	0.826326	0.0446627	67
Foxd3	MA0041.1	-2.18409	0.98559	0.822552	0.840069	0.0638156	67
HOXD11	MA0908.1	-2.19797	0.986097	0.794801	0.811412	0.062897	67
RBPJ	MA1116.1	-2.20176	0.986228	0.871382	0.888201	0.0624858	67
HOXA10	MA0899.1	-2.20267	0.986278	0.804685	0.823298	0.0774745	67
PAX7	MA0680.1	-2.21263	0.986613	0.697786	0.718947	0.0816918	67
NKX6-3	MA1530.1	-2.22232	0.986953	0.837896	0.854417	0.068128	67
TEAD1	MA0090.3	-2.22304	0.986973	0.778008	0.792671	0.0588476	67
RORA(var.2)	MA0072.1	-2.23099	0.987215	0.75026	0.76483	0.0489383	67
TBX2	MA0688.1	-2.23386	0.987315	0.807086	0.819378	0.043596	67
VAX1	MA0722.1	-2.23772	0.987469	0.839383	0.857371	0.0768561	67
ZNF143	MA0088.2	-2.24277	0.987603	0.734787	0.746474	0.0407512	67
TEAD4	MA0809.2	-2.24536	0.987704	0.796479	0.811377	0.0590737	67
PAX3	MA0780.1	-2.24954	0.987828	0.707584	0.72919	0.0807171	67
HNF4A(var.2)	MA1494.1	-2.24988	0.987829	0.715639	0.727653	0.0411868	67
MYBL1	MA0776.1	-2.25228	0.987907	0.730388	0.74297	0.0442328	67
Bhlha15	MA0607.1	-2.25368	0.987946	0.842804	0.857561	0.0493205	67
BARX2	MA1471.1	-2.25601	0.988042	0.7939	0.814035	0.0807084	67
PROP1	MA0715.1	-2.27382	0.988579	0.718177	0.741717	0.088925	67
Nkx3-1	MA0124.2	-2.2845	0.988893	0.817496	0.832362	0.0552715	67
Ptf1a	MA1618.1	-2.28679	0.988934	0.802441	0.817587	0.043328	67
ERG	MA0474.2	-2.28883	0.98901	0.834404	0.84857	0.0484286	67
HOXB9	MA1503.1	-2.30262	0.989399	0.772166	0.78887	0.0544722	67
TAL1::TCF3	MA0091.1	-2.30252	0.989405	0.799423	0.812849	0.0475296	67
Dlx1	MA0879.1	-2.30563	0.989513	0.836906	0.856185	0.0801196	67
LBX1	MA0618.1	-2.3056	0.989518	0.82767	0.845877	0.0785011	67
DMRT3	MA0610.1	-2.34399	0.990515	0.769032	0.786884	0.0628511	67
ETV1	MA0761.2	-2.34834	0.990604	0.79863	0.813569	0.0407016	67
BARHL1	MA0877.2	-2.3564	0.990837	0.86949	0.884044	0.0558949	67
MEIS1(var.2)	MA1639.1	-2.36093	0.990942	0.761969	0.780327	0.066401	67
SOX14	MA1562.1	-2.38813	0.991583	0.76318	0.778832	0.0539391	67
EVX2	MA0888.1	-2.39104	0.991671	0.833554	0.850599	0.0707239	67
ZNF652	MA1657.1	-2.4091	0.992054	0.748436	0.766657	0.0636436	67
FOSL1::JUND(var.2)	MA1143.1	-2.42147	0.992315	0.793935	0.80978000000000006	0.0523155	67
GSC2	MA0891.1	-2.42095	0.992315	0.834722	0.85018	0.0571212	67
GRHL2	MA1105.2	-2.4318	0.99253	0.766208	0.782541	0.0531887	67
PAX4	MA0068.2	-2.44874	0.992894	0.794775	0.81558	0.0831551	67
EOMES	MA0800.1	-2.4532	0.992963	0.771627	0.785714	0.0465259	67
POU6F1	MA0628.1	-2.45283	0.992965	0.746492	0.770941	0.0891516	67
SOX21	MA0866.1	-2.4546	0.992989	0.674294	0.69156	0.0561496	67
CDX2	MA0465.2	-2.47595	0.993402	0.764304	0.7856	0.0742651	67
ZBTB12	MA1649.1	-2.47976	0.99348	0.824852	0.840757	0.0600862	67
Arid3a	MA0151.1	-2.48602	0.993599	0.863824	0.890637	0.106313	67
EVX1	MA0887.1	-2.51433	0.994091	0.835739	0.85347	0.0689119	67
mix-a	MA0621.1	-2.53931	0.994495	0.732795	0.762142	0.110062	67
HOXC11	MA0651.1	-2.54565	0.994581	0.773057	0.790853	0.0562705	67
Sox5	MA0087.1	-2.55356	0.994714	0.840497	0.86387100000000006	0.085382	67
TWIST1	MA1123.2	-2.60781	0.995464	0.799857	0.816578	0.0417366	67
TBX21	MA0690.1	-2.60765	0.995468	0.783753	0.799524	0.0457897	67
Nkx3-2	MA0122.3	-2.69952	0.996554	0.755613	0.775699	0.0619112	67
TBR1	MA0802.1	-2.71329	0.996692	0.785554	0.80205	0.0477454	67
PBX2	MA1113.2	-2.73171	0.996874	0.740767	0.764427	0.071963	67
CDX1	MA0878.2	-2.74152	0.996965	0.762498	0.783456	0.0620334	67
POU4F2	MA0683.1	-2.78583	0.997351	0.662386	0.685626	0.0686851	67
Hoxa11	MA0911.1	-2.78969	0.99738	0.779083	0.797164	0.0495692	67
ZBTB32	MA1580.1	-2.79492	0.997425	0.756343	0.777553	0.0637172	67
Pax2	MA0067.1	-2.812	0.997558	0.913153	0.926513	0.0397815	67
HOXA9	MA0594.2	-2.86664	0.99794	0.842908	0.859193	0.0429093	67
HNF1B	MA0153.2	-2.88198	0.998042	0.697513	0.722486	0.0736938	67
Arid3b	MA0601.1	-3.00016	0.998666	0.759349	0.79376	0.108151	67
CDX4	MA1473.1	-3.00278	0.998674	0.76922	0.792821	0.0639086	67
ONECUT1	MA0679.2	-3.02505	0.998769	0.687769	0.717223	0.0833666	67
MEIS2(var.2)	MA1640.1	-3.03077	0.998792	0.728875	0.753406	0.0674543	67
HOXC10	MA0905.1	-3.04028	0.998829	0.804434	0.827346	0.0626259	67
HMBOX1	MA0895.1	-3.06607	0.998926	0.812423	0.83189	0.0532023	67
HNF1A	MA0046.2	-3.06919	0.998937	0.705128	0.731904	0.0744091	67
POU4F3	MA0791.1	-3.08848	0.999003	0.680291	0.708699	0.0746865	67
ZNF24	MA1124.1	-3.3125	0.999543	0.683574	0.709547	0.0667326	67
POU4F1	MA0790.1	-3.36558	0.999622	0.696711	0.728739	0.0789884	67
ONECUT3	MA0757.1	-3.41111	0.99968	0.692167	0.723323	0.0779925	67
SOX12	MA1561.1	-3.4266200000000002	0.999698	0.744398	0.765074	0.0467183	67
ONECUT2	MA0756.1	-3.57275	0.999826	0.697528	0.72799	0.0719602	67
BARHL2	MA0635.1	-3.71308	0.999899	0.838516	0.863159	0.0581441	67
HLTF	MA0109.1	-3.95304	0.999963	0.930239	0.944413	0.0493428	67
Degrees of freedom: 37448		NA	NA	NA	NA	NA	NA
